frame,pts,seconds,calls,contacts,keypad,candidate,margin
0,0,0.0,3761,0,0,0,1.0
1,4,0.00666667,3710,0,0,0,1.0
2,14,0.0233333,3700,0,0,0,1.0
3,24,0.04,3686,0,0,0,1.0
4,34,0.0566667,3680,0,0,0,1.0
5,44,0.0733333,3664,0,0,0,1.0
6,55,0.0916667,3664,0,0,0,1.0
7,74,0.123333,3664,0,0,0,1.0
8,84,0.14,3664,0,0,0,1.0
9,94,0.156667,3663,0,0,0,1.0
10,104,0.173333,3662,0,0,0,1.0
11,114,0.19,3661,0,0,0,1.0
12,124,0.206667,3661,0,0,0,1.0
13,134,0.223333,3661,0,0,0,1.0
14,144,0.24,3661,0,0,0,1.0
15,154,0.256667,3661,0,0,0,1.0
16,164,0.273333,3662,0,0,0,1.0
17,174,0.29,3662,0,0,0,1.0
18,184,0.306667,3661,0,0,0,1.0
19,194,0.323333,3661,0,0,0,1.0
20,204,0.34,3661,0,0,0,1.0
21,214,0.356667,3661,0,0,0,1.0
22,224,0.373333,3664,0,0,0,1.0
23,234,0.39,3664,0,0,0,1.0
24,244,0.406667,3664,0,0,0,1.0
25,254,0.423333,3664,0,0,0,1.0
26,264,0.44,3661,0,0,0,1.0
27,274,0.456667,3661,0,0,0,1.0
28,284,0.473333,3661,0,0,0,1.0
29,294,0.49,3661,0,0,0,1.0
30,304,0.506667,3661,0,0,0,1.0
31,324,0.54,3661,0,0,0,1.0
32,354,0.59,3661,0,0,0,1.0
33,384,0.64,3661,0,0,0,1.0
34,414,0.69,3662,0,0,0,1.0
35,444,0.74,3661,0,0,0,1.0
36,474,0.79,3661,0,0,0,1.0
37,504,0.84,3661,0,0,0,1.0
38,534,0.89,3660,0,0,0,1.0
39,564,0.94,3660,0,0,0,1.0
40,594,0.99,3661,0,0,0,1.0
41,624,1.04,3661,0,0,0,1.0
42,654,1.09,3660,0,0,0,1.0
43,684,1.14,3660,0,0,0,1.0
44,714,1.19,3660,0,0,0,1.0
45,744,1.24,3660,0,0,0,1.0
46,774,1.29,3660,0,0,0,1.0
47,784,1.306667,3882,0,0,0,1.0
48,794,1.323333,4136,0,0,0,1.0
49,804,1.34,4402,0,0,0,1.0
50,814,1.356667,4674,0,0,0,1.0
51,824,1.373333,4866,0,0,0,1.0
52,834,1.39,5041,0,0,0,1.0
53,844,1.406667,5158,0,0,0,1.0
54,854,1.423333,5258,0,0,0,1.0
55,864,1.44,5290,0,0,0,1.0
56,874,1.456667,5322,0,0,0,1.0
57,884,1.473333,5351,0,0,0,1.0
58,894,1.49,5378,0,0,0,1.0
59,904,1.506667,5390,0,0,0,1.0
60,914,1.523333,5415,0,0,0,1.0
61,924,1.54,5433,0,0,0,1.0
62,934,1.556667,5427,0,0,0,1.0
63,944,1.573333,5415,0,0,0,1.0
64,954,1.59,5417,0,0,0,1.0
65,964,1.606667,5409,0,0,0,1.0
66,974,1.623333,5400,0,0,0,1.0
67,984,1.64,5400,0,0,0,1.0
68,994,1.656667,5400,0,0,0,1.0
69,1004,1.673333,5400,0,0,0,1.0
70,1014,1.69,5400,0,0,0,1.0
71,1024,1.706667,5400,0,0,0,1.0
72,1034,1.723333,5400,0,0,0,1.0
73,1044,1.74,5400,0,0,0,1.0
74,1054,1.756667,5400,0,0,0,1.0
75,1064,1.773333,5400,0,0,0,1.0
76,1074,1.79,5400,0,0,0,1.0
77,1084,1.806667,5400,0,0,0,1.0
78,1094,1.823333,5400,0,0,0,1.0
79,1104,1.84,5400,0,0,0,1.0
80,1114,1.856667,5400,0,0,0,1.0
81,1124,1.873333,5400,0,0,0,1.0
82,1134,1.89,5401,0,0,0,1.0
83,1144,1.906667,5401,0,0,0,1.0
84,1154,1.923333,5402,0,0,0,1.0
85,1164,1.94,5399,0,0,0,1.0
86,1174,1.956667,5399,0,0,0,1.0
87,1184,1.973333,5399,0,0,0,1.0
88,1194,1.99,5399,0,0,0,1.0
89,1204,2.006667,5399,0,0,0,1.0
90,1214,2.023333,5399,0,0,0,1.0
91,1224,2.04,5399,0,0,0,1.0
92,1234,2.056667,5399,0,0,0,1.0
93,1244,2.073333,5399,0,0,0,1.0
94,1254,2.09,5394,0,0,0,1.0
95,1264,2.106667,5391,0,0,0,1.0
96,1274,2.123333,5391,0,0,0,1.0
97,1284,2.14,5393,0,0,0,1.0
98,1294,2.156667,5412,3015,0,0,0.442905
99,1304,2.173333,0,4275,0,1,1.0
100,1314,2.19,0,4268,206,1,0.951734
101,1324,2.206667,0,2957,3632,-1,0.185848
102,1334,2.223333,0,27,4501,2,0.994001
103,1344,2.24,0,0,4481,2,1.0
104,1354,2.256667,0,0,4450,2,1.0
105,1364,2.273333,0,0,4430,2,1.0
106,1374,2.29,0,0,4394,2,1.0
107,1384,2.306667,0,0,4326,2,1.0
108,1394,2.323333,0,0,4178,2,1.0
109,1404,2.34,0,0,4015,2,1.0
110,1414,2.356667,0,0,3788,2,1.0
111,1424,2.373333,0,0,3617,2,1.0
112,1434,2.39,0,0,3496,2,1.0
113,1444,2.406667,0,0,3355,2,1.0
114,1454,2.423333,0,0,3239,2,1.0
115,1464,2.44,0,0,3206,2,1.0
116,1474,2.456667,0,0,3154,2,1.0
117,1484,2.473333,0,0,3155,2,1.0
118,1494,2.49,0,0,3132,2,1.0
119,1504,2.506667,0,0,3092,2,1.0
120,1514,2.523333,0,0,3057,2,1.0
121,1524,2.54,0,0,3069,2,1.0
122,1534,2.556667,0,0,3089,2,1.0
123,1544,2.573333,0,0,3038,2,1.0
124,1554,2.59,0,0,3038,2,1.0
125,1564,2.606667,0,0,3036,2,1.0
126,1574,2.623333,0,0,3039,2,1.0
127,1584,2.64,0,0,3038,2,1.0
128,1594,2.656667,0,0,3030,2,1.0
129,1604,2.673333,0,0,3029,2,1.0
130,1614,2.69,0,0,3033,2,1.0
131,1624,2.706667,0,0,3033,2,1.0
132,1634,2.723333,0,0,3031,2,1.0
133,1644,2.74,0,0,3031,2,1.0
134,1654,2.756667,0,0,3031,2,1.0
135,1664,2.773333,0,0,3031,2,1.0
136,1674,2.79,0,0,3031,2,1.0
137,1684,2.806667,0,0,3031,2,1.0
138,1694,2.823333,0,0,3031,2,1.0
139,1704,2.84,0,0,3031,2,1.0
140,1714,2.856667,0,0,3028,2,1.0
141,1724,2.873333,0,0,3025,2,1.0
142,1734,2.89,0,0,3025,2,1.0
143,1744,2.906667,0,0,3025,2,1.0
144,1754,2.923333,0,0,3025,2,1.0
145,1764,2.94,0,0,3025,2,1.0
146,1774,2.956667,0,0,3025,2,1.0
147,1784,2.973333,0,0,3025,2,1.0
148,1794,2.99,0,0,3025,2,1.0
149,1804,3.006667,0,0,3025,2,1.0
150,1814,3.023333,0,0,3025,2,1.0
151,1824,3.04,0,0,3025,2,1.0
152,1834,3.056667,0,0,3025,2,1.0
153,1844,3.073333,0,0,3025,2,1.0
154,1854,3.09,0,0,3025,2,1.0
155,1864,3.106667,0,0,3025,2,1.0
156,1874,3.123333,0,0,3025,2,1.0
157,1884,3.14,0,0,3025,2,1.0
158,1894,3.156667,0,0,3025,2,1.0
159,1904,3.173333,0,0,3025,2,1.0
160,1914,3.19,0,0,3025,2,1.0
161,1924,3.206667,0,0,3025,2,1.0
162,1934,3.223333,0,0,3025,2,1.0
163,1944,3.24,0,0,3025,2,1.0
164,1964,3.273333,0,0,3025,2,1.0
165,1974,3.29,0,0,3025,2,1.0
166,2004,3.34,0,0,3026,2,1.0
167,2034,3.39,0,0,3024,2,1.0
168,2064,3.44,0,0,3025,2,1.0
169,2084,3.473333,0,0,3021,2,1.0
170,2094,3.49,0,0,3156,2,1.0
171,2104,3.506667,0,0,3403,2,1.0
172,2114,3.523333,0,0,3623,2,1.0
173,2124,3.54,0,0,3869,2,1.0
174,2134,3.556667,0,0,4071,2,1.0
175,2144,3.573333,0,0,4186,2,1.0
176,2154,3.59,0,0,4303,2,1.0
177,2164,3.606667,0,0,4351,2,1.0
178,2174,3.623333,0,0,4367,2,1.0
179,2184,3.64,0,0,4422,2,1.0
180,2194,3.656667,0,0,4440,2,1.0
181,2204,3.673333,0,0,4466,2,1.0
182,2214,3.69,0,0,4467,2,1.0
183,2224,3.706667,0,0,4482,2,1.0
184,2234,3.723333,0,0,4489,2,1.0
185,2244,3.74,0,0,4489,2,1.0
186,2254,3.756667,0,0,4470,2,1.0
187,2264,3.773333,0,0,4471,2,1.0
188,2274,3.79,0,0,4471,2,1.0
189,2284,3.806667,0,0,4476,2,1.0
190,2294,3.823333,0,0,4486,2,1.0
191,2304,3.84,0,0,4485,2,1.0
192,2314,3.856667,0,0,4488,2,1.0
193,2324,3.873333,0,0,4479,2,1.0
194,2334,3.89,0,0,4488,2,1.0
195,2344,3.906667,0,0,4488,2,1.0
196,2354,3.923333,0,0,4483,2,1.0
197,2364,3.94,0,0,4487,2,1.0
198,2374,3.956667,0,0,4493,2,1.0
199,2384,3.973333,0,0,4492,2,1.0
200,2394,3.99,0,0,4489,2,1.0
201,2404,4.006667,0,0,4489,2,1.0
202,2414,4.023333,0,0,4492,2,1.0
203,2424,4.04,0,0,4491,2,1.0
204,2434,4.056667,0,0,4490,2,1.0
205,2444,4.073333,0,0,4490,2,1.0
206,2454,4.09,0,0,4493,2,1.0
207,2464,4.106667,0,0,4490,2,1.0
208,2474,4.123333,0,0,4491,2,1.0
209,2484,4.14,0,0,4424,2,1.0
210,2494,4.156667,0,0,4406,2,1.0
211,2504,4.173333,0,0,4464,2,1.0
212,2514,4.19,0,2138,5115,2,0.582014
213,2524,4.206667,0,4378,302,1,0.931019
214,2534,4.223333,0,4217,0,1,1.0
215,2544,4.24,2698,4975,0,1,0.457688
216,2554,4.256667,6107,2442,0,0,0.600131
217,2564,4.273333,5404,8,0,0,0.99852
218,2574,4.29,5353,0,0,0,1.0
219,2584,4.306667,5311,0,0,0,1.0
220,2594,4.323333,5251,0,0,0,1.0
221,2604,4.34,5127,0,0,0,1.0
222,2614,4.356667,4912,0,0,0,1.0
223,2624,4.373333,4700,0,0,0,1.0
224,2634,4.39,4488,0,0,0,1.0
225,2644,4.406667,4279,0,0,0,1.0
226,2654,4.423333,4114,0,0,0,1.0
227,2664,4.44,3999,0,0,0,1.0
228,2674,4.456667,3895,0,0,0,1.0
229,2684,4.473333,3813,0,0,0,1.0
230,2694,4.49,3778,0,0,0,1.0
231,2704,4.506667,3763,0,0,0,1.0
232,2714,4.523333,3724,0,0,0,1.0
233,2724,4.54,3696,0,0,0,1.0
234,2734,4.556667,3674,0,0,0,1.0
235,2744,4.573333,3678,0,0,0,1.0
236,2754,4.59,3686,0,0,0,1.0
237,2764,4.606667,3665,0,0,0,1.0
238,2774,4.623333,3666,0,0,0,1.0
239,2784,4.64,3666,0,0,0,1.0
240,2794,4.656667,3664,0,0,0,1.0
241,2804,4.673333,3663,0,0,0,1.0
242,2814,4.69,3663,0,0,0,1.0
243,2824,4.706667,3662,0,0,0,1.0
244,2834,4.723333,3662,0,0,0,1.0
245,2844,4.74,3662,0,0,0,1.0
246,2854,4.756667,3662,0,0,0,1.0
247,2864,4.773333,3662,0,0,0,1.0
248,2874,4.79,3662,0,0,0,1.0
249,2884,4.806667,3662,0,0,0,1.0
250,2894,4.823333,3662,0,0,0,1.0
251,2904,4.84,3662,0,0,0,1.0
252,2914,4.856667,3663,0,0,0,1.0
253,2924,4.873333,3663,0,0,0,1.0
254,2934,4.89,3663,0,0,0,1.0
255,2944,4.906667,3663,0,0,0,1.0
256,2954,4.923333,3663,0,0,0,1.0
257,2964,4.94,3663,0,0,0,1.0
258,2974,4.956667,3663,0,0,0,1.0
259,2984,4.973333,3663,0,0,0,1.0
260,2994,4.99,3663,0,0,0,1.0
261,3004,5.006667,3663,0,0,0,1.0
262,3014,5.023333,3663,0,0,0,1.0
263,3024,5.04,3663,0,0,0,1.0
264,3034,5.056667,3663,0,0,0,1.0
265,3044,5.073333,3663,0,0,0,1.0
266,3054,5.09,3663,0,0,0,1.0
267,3064,5.106667,3663,0,0,0,1.0
268,3074,5.123333,3663,0,0,0,1.0
269,3084,5.14,3663,0,0,0,1.0
270,3094,5.156667,3663,0,0,0,1.0
271,3104,5.173333,3663,0,0,0,1.0
272,3114,5.19,3663,0,0,0,1.0
273,3124,5.206667,3663,0,0,0,1.0
274,3134,5.223333,3663,0,0,0,1.0
275,3144,5.24,3663,0,0,0,1.0
276,3154,5.256667,3663,0,0,0,1.0
277,3164,5.273333,3663,0,0,0,1.0
278,3174,5.29,3661,0,0,0,1.0
279,3204,5.34,3662,0,0,0,1.0
280,3234,5.39,3662,0,0,0,1.0
281,3264,5.44,3662,0,0,0,1.0
282,3284,5.473333,3662,0,0,0,1.0
283,3294,5.49,3802,0,0,0,1.0
284,3304,5.506667,4053,0,0,0,1.0
285,3314,5.523333,4302,0,0,0,1.0
286,3324,5.54,4582,0,0,0,1.0
287,3334,5.556667,4825,0,0,0,1.0
288,3344,5.573333,4989,0,0,0,1.0
289,3354,5.59,5117,0,0,0,1.0
290,3364,5.606667,5242,0,0,0,1.0
291,3374,5.623333,5296,0,0,0,1.0
292,3384,5.64,5337,0,0,0,1.0
293,3394,5.656667,5364,0,0,0,1.0
294,3404,5.673333,5376,0,0,0,1.0
295,3414,5.69,5389,0,0,0,1.0
296,3424,5.706667,5406,0,0,0,1.0
297,3434,5.723333,5431,0,0,0,1.0
298,3444,5.74,5425,0,0,0,1.0
299,3454,5.756667,5430,0,0,0,1.0
300,3464,5.773333,5558,376,0,0,0.93235
301,3474,5.79,5419,0,0,0,1.0
302,3484,5.806667,5420,0,0,0,1.0
303,3494,5.823333,5423,0,0,0,1.0
304,3504,5.84,5410,81,0,0,0.985028
305,3514,5.856667,5367,252,0,0,0.953046
306,3524,5.873333,5293,265,0,0,0.949934
307,3534,5.89,5253,205,0,0,0.960975
308,3544,5.906667,5190,43,0,0,0.991715
309,3554,5.923333,5130,0,0,0,1.0
310,3564,5.94,5084,0,0,0,1.0
311,3574,5.956667,5020,0,0,0,1.0
312,3584,5.973333,4970,0,0,0,1.0
313,3594,5.99,4973,0,0,0,1.0
314,3604,6.006667,3674,0,0,0,1.0
315,3614,6.023333,4854,0,0,0,1.0
316,3624,6.04,4699,0,0,0,1.0
317,3634,6.056667,4517,0,0,0,1.0
318,3644,6.073333,4331,0,0,0,1.0
319,3654,6.09,4165,0,0,0,1.0
320,3664,6.106667,4055,0,0,0,1.0
321,3674,6.123333,3985,0,0,0,1.0
322,3684,6.14,3909,0,0,0,1.0
323,3694,6.156667,3851,0,0,0,1.0
324,3704,6.173333,3818,0,0,0,1.0
325,3714,6.19,3779,0,0,0,1.0
326,3724,6.206667,3743,0,0,0,1.0
327,3734,6.223333,3711,0,0,0,1.0
328,3744,6.24,3695,0,0,0,1.0
329,3754,6.256667,3671,0,0,0,1.0
330,3764,6.273333,3669,0,0,0,1.0
331,3774,6.29,3668,0,0,0,1.0
332,3784,6.306667,3665,0,0,0,1.0
333,3794,6.323333,3665,0,0,0,1.0
334,3804,6.34,3665,0,0,0,1.0
335,3814,6.356667,3665,0,0,0,1.0
336,3824,6.373333,3662,0,0,0,1.0
337,3834,6.39,3662,0,0,0,1.0
338,3844,6.406667,3662,0,0,0,1.0
339,3854,6.423333,3662,0,0,0,1.0
340,3864,6.44,3662,0,0,0,1.0
341,3874,6.456667,3662,0,0,0,1.0
342,3884,6.473333,3662,0,0,0,1.0
343,3894,6.49,3662,0,0,0,1.0
344,3904,6.506667,3662,0,0,0,1.0
345,3914,6.523333,3662,0,0,0,1.0
346,3924,6.54,3662,0,0,0,1.0
347,3934,6.556667,3662,0,0,0,1.0
348,3944,6.573333,3662,0,0,0,1.0
349,3954,6.59,3662,0,0,0,1.0
350,3964,6.606667,3769,0,0,0,1.0
351,3974,6.623333,4036,0,0,0,1.0
352,3984,6.64,4304,0,0,0,1.0
353,3994,6.656667,4585,0,0,0,1.0
354,4004,6.673333,4823,0,0,0,1.0
355,4014,6.69,5835,2212,0,0,0.620908
356,4024,6.706667,4080,3071,0,-1,0.247304
357,4034,6.723333,1914,4955,0,1,0.613724
358,4044,6.74,0,4131,0,1,1.0
359,4054,6.756667,0,4134,0,1,1.0
360,4064,6.773333,0,4119,0,1,1.0
361,4074,6.79,0,4098,0,1,1.0
362,4084,6.806667,0,4058,0,1,1.0
363,4094,6.823333,0,4012,0,1,1.0
364,4104,6.84,0,3927,0,1,1.0
365,4114,6.856667,0,3783,0,1,1.0
366,4124,6.873333,0,3624,0,1,1.0
367,4134,6.89,0,3464,0,1,1.0
368,4144,6.906667,0,3318,0,1,1.0
369,4154,6.923333,0,3200,0,1,1.0
370,4164,6.94,0,3109,0,1,1.0
371,4174,6.956667,0,3052,0,1,1.0
372,4184,6.973333,0,3004,0,1,1.0
373,4194,6.99,0,2944,0,1,1.0
374,4204,7.006667,0,2926,0,1,1.0
375,4214,7.023333,0,2894,0,1,1.0
376,4224,7.04,0,2885,0,1,1.0
377,4234,7.056667,0,2871,0,1,1.0
378,4244,7.073333,0,2853,0,1,1.0
379,4254,7.09,0,2851,0,1,1.0
380,4264,7.106667,0,2849,0,1,1.0
381,4274,7.123333,0,2844,0,1,1.0
382,4284,7.14,0,2844,0,1,1.0
383,4294,7.156667,0,2842,0,1,1.0
384,4304,7.173333,0,2842,0,1,1.0
385,4314,7.19,0,2841,0,1,1.0
386,4324,7.206667,0,2841,0,1,1.0
387,4334,7.223333,0,2840,0,1,1.0
388,4344,7.24,0,2840,0,1,1.0
389,4354,7.256667,0,2839,0,1,1.0
390,4364,7.273333,0,2839,0,1,1.0
391,4374,7.29,0,2837,0,1,1.0
392,4384,7.306667,0,2837,0,1,1.0
393,4394,7.323333,0,2837,0,1,1.0
394,4404,7.34,0,2837,0,1,1.0
395,4414,7.356667,0,2837,0,1,1.0
396,4424,7.373333,0,2837,0,1,1.0
397,4434,7.39,0,2837,0,1,1.0
398,4444,7.406667,0,2837,0,1,1.0
399,4454,7.423333,0,2837,0,1,1.0
400,4464,7.44,0,2837,0,1,1.0
401,4474,7.456667,0,2837,0,1,1.0
402,4484,7.473333,0,2837,0,1,1.0
403,4494,7.49,0,2837,0,1,1.0
404,4504,7.506667,0,2837,0,1,1.0
405,4514,7.523333,0,2837,0,1,1.0
406,4524,7.54,0,2837,0,1,1.0
407,4534,7.556667,0,2837,0,1,1.0
408,4543,7.571667,0,2955,0,1,1.0
409,4553,7.588333,0,3196,0,1,1.0
410,4563,7.605,0,3424,0,1,1.0
411,4573,7.621667,0,3677,0,1,1.0
412,4583,7.638333,0,4330,1881,1,0.565589
413,4593,7.655,0,4563,3147,-1,0.310322
414,4603,7.671667,0,3699,3757,-1,0.015438
415,4613,7.688333,0,2727,4419,2,0.382892
416,4623,7.705,0,2229,4444,2,0.498425
417,4633,7.721667,0,1705,4615,2,0.630553
418,4643,7.738333,0,987,4569,2,0.783979
419,4653,7.755,0,0,4464,2,1.0
420,4663,7.771667,0,0,4292,2,1.0
421,4673,7.788333,0,0,4035,2,1.0
422,4683,7.805,0,0,3691,2,1.0
423,4693,7.821667,0,0,3300,2,1.0
424,4703,7.838333,0,0,3093,2,1.0
425,4713,7.855,0,0,3124,2,1.0
426,4723,7.871667,0,0,3236,2,1.0
427,4733,7.888333,0,0,3397,2,1.0
428,4743,7.905,0,0,3509,2,1.0
429,4753,7.921667,0,0,3618,2,1.0
430,4763,7.938333,0,0,3601,2,1.0
431,4773,7.955,0,0,3466,2,1.0
432,4783,7.971667,0,0,3339,2,1.0
433,4793,7.988333,0,0,3224,2,1.0
434,4803,8.005,0,0,3133,2,1.0
435,4813,8.021667,0,0,3100,2,1.0
436,4823,8.038333,0,0,3056,2,1.0
437,4833,8.055,0,0,3049,2,1.0
438,4843,8.071667,0,0,3046,2,1.0
439,4853,8.088333,0,0,3044,2,1.0
440,4863,8.105,0,0,3043,2,1.0
441,4873,8.121667,0,0,3037,2,1.0
442,4883,8.138333,0,0,3036,2,1.0
443,4893,8.155,0,0,3036,2,1.0
444,4903,8.171667,0,0,3034,2,1.0
445,4913,8.188333,0,0,3033,2,1.0
446,4923,8.205,0,0,3030,2,1.0
447,4933,8.221667,0,0,3031,2,1.0
448,4943,8.238333,0,0,3033,2,1.0
449,4953,8.255,0,0,3035,2,1.0
450,4963,8.271667,0,0,3035,2,1.0
451,4973,8.288333,0,0,3035,2,1.0
452,4983,8.305,0,0,3035,2,1.0
453,4993,8.321667,0,0,3035,2,1.0
454,5003,8.338333,0,0,3035,2,1.0
455,5013,8.355,0,0,3035,2,1.0
456,5023,8.371667,0,0,3035,2,1.0
457,5033,8.388333,0,0,3035,2,1.0
458,5043,8.405,0,0,3035,2,1.0
459,5053,8.421667,0,0,3035,2,1.0
460,5063,8.438333,0,0,3034,2,1.0
461,5073,8.455,0,0,3035,2,1.0
462,5083,8.471667,0,0,3157,2,1.0
463,5093,8.488333,0,0,3416,2,1.0
464,5103,8.505,0,0,3646,2,1.0
465,5113,8.521667,0,0,3880,2,1.0
466,5123,8.538333,0,0,4128,2,1.0
467,5133,8.555,0,2800,4433,2,0.368374
468,5143,8.571667,0,4026,129,1,0.967958
469,5153,8.588333,0,4095,1,1,0.999756
470,5163,8.605,3509,4524,0,-1,0.224359
471,5173,8.621667,5924,3179,0,0,0.463369
472,5183,8.638333,5677,931,0,0,0.836005
473,5193,8.655,5734,277,0,0,0.951692
474,5203,8.671667,5764,94,0,0,0.983692
475,5213,8.688333,5476,0,0,0,1.0
476,5223,8.705,5012,0,0,0,1.0
477,5233,8.721667,4574,0,0,0,1.0
478,5243,8.738333,4277,0,0,0,1.0
479,5253,8.755,4214,0,0,0,1.0
480,5263,8.771667,4073,0,0,0,1.0
481,5273,8.788333,4156,0,0,0,1.0
482,5283,8.805,4155,0,0,0,1.0
483,5293,8.821667,4149,0,0,0,1.0
484,5303,8.838333,4017,0,0,0,1.0
485,5313,8.855,3849,0,0,0,1.0
486,5323,8.871667,3750,0,0,0,1.0
487,5333,8.888333,3712,0,0,0,1.0
488,5343,8.905,3739,0,0,0,1.0
489,5353,8.921667,3695,0,0,0,1.0
490,5363,8.938333,3667,0,0,0,1.0
491,5373,8.955,3668,0,0,0,1.0
492,5383,8.971667,3691,0,0,0,1.0
493,5393,8.988333,3664,0,0,0,1.0
494,5403,9.005,3664,0,0,0,1.0
495,5413,9.021667,3663,0,0,0,1.0
496,5423,9.038333,3662,0,0,0,1.0
497,5433,9.055,3662,0,0,0,1.0
498,5443,9.071667,3663,0,0,0,1.0
499,5453,9.088333,3663,0,0,0,1.0
500,5463,9.105,3663,0,0,0,1.0
501,5473,9.121667,3663,0,0,0,1.0
502,5483,9.138333,3662,0,0,0,1.0
503,5493,9.155,3661,0,0,0,1.0
504,5503,9.171667,3660,0,0,0,1.0
505,5513,9.188333,3660,0,0,0,1.0
506,5523,9.205,3660,0,0,0,1.0
507,5533,9.221667,3660,0,0,0,1.0
508,5543,9.238333,3660,0,0,0,1.0
509,5553,9.255,3660,0,0,0,1.0
510,5563,9.271667,3660,0,0,0,1.0
511,5573,9.288333,3660,0,0,0,1.0
512,5583,9.305,3660,0,0,0,1.0
513,5593,9.321667,3660,0,0,0,1.0
514,5603,9.338333,3660,0,0,0,1.0
515,5613,9.355,3660,0,0,0,1.0
516,5623,9.371667,3660,0,0,0,1.0
517,5633,9.388333,3660,0,0,0,1.0
518,5643,9.405,3660,0,0,0,1.0
519,5663,9.438333,3660,0,0,0,1.0
520,5673,9.455,3660,0,0,0,1.0
521,5683,9.471667,3660,0,0,0,1.0
522,5693,9.488333,3806,0,0,0,1.0
523,5703,9.505,4036,0,0,0,1.0
524,5713,9.521667,4306,0,0,0,1.0
525,5723,9.538333,4609,0,0,0,1.0
526,5733,9.555,4809,0,0,0,1.0
527,5743,9.571667,4975,0,0,0,1.0
528,5753,9.588333,5122,0,0,0,1.0
529,5763,9.605,5233,0,0,0,1.0
530,5773,9.621667,5313,0,0,0,1.0
531,5783,9.638333,5382,0,0,0,1.0
532,5793,9.655,5405,0,0,0,1.0
533,5803,9.671667,5464,0,0,0,1.0
534,5813,9.688333,5513,0,0,0,1.0
535,5823,9.705,5575,0,0,0,1.0
536,5833,9.721667,5628,0,0,0,1.0
537,5843,9.738333,5679,0,0,0,1.0
538,5853,9.755,5683,0,0,0,1.0
539,5863,9.771667,5686,188,0,0,0.966936
540,5873,9.788333,5831,2398,0,0,0.58875
541,5883,9.805,4892,4765,0,-1,0.025961
542,5893,9.821667,0,4518,0,1,1.0
543,5903,9.838333,0,4596,1418,1,0.691471
544,5913,9.855,0,4308,4871,-1,0.115582
545,5923,9.871667,0,1986,4773,2,0.583909
546,5933,9.888333,0,10,4758,2,0.997898
547,5943,9.905,0,0,4739,2,1.0
548,5953,9.921667,0,0,4687,2,1.0
549,5963,9.938333,0,0,4639,2,1.0
550,5973,9.955,0,0,4562,2,1.0
551,5983,9.971667,0,0,4419,2,1.0
552,5993,9.988333,0,0,4249,2,1.0
553,6003,10.005,0,0,4005,2,1.0
554,6013,10.021667,0,0,3725,2,1.0
555,6023,10.038333,0,0,3559,2,1.0
556,6033,10.055,0,0,3360,2,1.0
557,6043,10.071667,0,0,3249,2,1.0
558,6053,10.088333,0,0,3200,2,1.0
559,6063,10.105,0,0,3166,2,1.0
560,6073,10.121667,0,0,3138,2,1.0
561,6083,10.138333,0,0,3102,2,1.0
562,6093,10.155,0,0,3078,2,1.0
563,6103,10.171667,0,0,3097,2,1.0
564,6123,10.205,0,0,3038,2,1.0
565,6133,10.221667,0,0,3036,2,1.0
566,6143,10.238333,0,0,3035,2,1.0
567,6153,10.255,0,0,3035,2,1.0
568,6163,10.271667,0,0,3035,2,1.0
569,6173,10.288333,0,0,3034,2,1.0
570,6183,10.305,0,0,3034,2,1.0
571,6193,10.321667,0,0,3032,2,1.0
572,6213,10.355,0,0,3033,2,1.0
573,6223,10.371667,0,0,3034,2,1.0
574,6233,10.388333,0,0,3034,2,1.0
575,6243,10.405,0,0,3034,2,1.0
576,6253,10.421667,0,0,3034,2,1.0
577,6263,10.438333,0,0,3034,2,1.0
578,6273,10.455,0,0,3034,2,1.0
579,6283,10.471667,0,0,3034,2,1.0
580,6293,10.488333,0,0,3034,2,1.0
581,6303,10.505,0,0,3034,2,1.0
582,6313,10.521667,0,0,3034,2,1.0
583,6323,10.538333,0,0,3171,2,1.0
584,6333,10.555,0,0,3423,2,1.0
585,6343,10.571667,0,0,3606,2,1.0
586,6353,10.588333,0,0,3844,2,1.0
587,6363,10.605,0,0,4043,2,1.0
588,6373,10.621667,0,0,4187,2,1.0
589,6383,10.638333,0,0,4280,2,1.0
590,6393,10.655,0,0,4357,2,1.0
591,6403,10.671667,0,0,4419,2,1.0
592,6413,10.688333,0,0,4420,2,1.0
593,6423,10.705,0,0,4453,2,1.0
594,6433,10.721667,0,0,4465,2,1.0
595,6443,10.738333,0,0,4463,2,1.0
596,6453,10.755,0,0,4473,2,1.0
597,6463,10.771667,0,0,4470,2,1.0
598,6473,10.788333,0,0,4473,2,1.0
599,6483,10.805,0,0,4476,2,1.0
600,6493,10.821667,0,0,4467,2,1.0
601,6503,10.838333,0,0,4459,2,1.0
602,6513,10.855,0,0,4468,2,1.0
603,6523,10.871667,0,0,4473,2,1.0
604,6533,10.888333,0,0,4438,2,1.0
605,6543,10.905,0,2,4483,2,0.999554
606,6553,10.921667,0,2226,5095,2,0.563101
607,6563,10.938333,0,3844,3776,-1,0.01769
608,6573,10.955,0,4250,262,1,0.938353
609,6583,10.971667,0,4246,0,1,1.0
610,6593,10.988333,41,4254,0,1,0.990362
611,6603,11.005,4230,4996,0,-1,0.153323
612,6613,11.021667,6389,3113,0,0,0.512756
613,6623,11.038333,5546,2360,0,0,0.574468
614,6633,11.055,5339,383,0,0,0.928264
615,6643,11.071667,5215,317,0,0,0.939214
616,6653,11.088333,5193,180,0,0,0.965338
617,6663,11.105,5145,0,0,0,1.0
618,6673,11.121667,4994,0,0,0,1.0
619,6683,11.138333,4809,0,0,0,1.0
620,6693,11.155,4582,0,0,0,1.0
621,6703,11.171667,4387,0,0,0,1.0
622,6713,11.188333,4210,0,0,0,1.0
623,6723,11.205,4069,0,0,0,1.0
624,6733,11.221667,3974,0,0,0,1.0
625,6743,11.238333,3878,0,0,0,1.0
626,6753,11.255,3817,0,0,0,1.0
627,6763,11.271667,3771,0,0,0,1.0
628,6773,11.288333,3751,0,0,0,1.0
629,6783,11.305,3762,0,0,0,1.0
630,6793,11.321667,3726,0,0,0,1.0
631,6803,11.338333,3693,0,0,0,1.0
632,6813,11.355,3669,0,0,0,1.0
633,6823,11.371667,3669,0,0,0,1.0
634,6833,11.388333,3669,0,0,0,1.0
635,6843,11.405,3669,0,0,0,1.0
636,6853,11.421667,3667,0,0,0,1.0
637,6863,11.438333,3664,0,0,0,1.0
638,6873,11.455,3666,0,0,0,1.0
639,6883,11.471667,3665,0,0,0,1.0
640,6893,11.488333,3666,0,0,0,1.0
641,6903,11.505,3665,0,0,0,1.0
642,6913,11.521667,3665,0,0,0,1.0
643,6923,11.538333,3665,0,0,0,1.0
644,6933,11.555,3665,0,0,0,1.0
645,6943,11.571667,3665,0,0,0,1.0
646,6953,11.588333,3665,0,0,0,1.0
647,6963,11.605,3665,0,0,0,1.0
648,6973,11.621667,3665,0,0,0,1.0
649,6983,11.638333,3665,0,0,0,1.0
650,6993,11.655,3665,0,0,0,1.0
651,7003,11.671667,3665,0,0,0,1.0
652,7013,11.688333,3665,0,0,0,1.0
653,7023,11.705,3665,0,0,0,1.0
654,7033,11.721667,3665,0,0,0,1.0
655,7043,11.738333,3665,0,0,0,1.0
656,7053,11.755,3665,0,0,0,1.0
657,7063,11.771667,3665,0,0,0,1.0
658,7073,11.788333,3665,0,0,0,1.0
659,7083,11.805,3665,0,0,0,1.0
660,7093,11.821667,3665,0,0,0,1.0
661,7103,11.838333,3665,0,0,0,1.0
662,7113,11.855,3788,0,0,0,1.0
663,7123,11.871667,4041,0,0,0,1.0
664,7133,11.888333,4307,0,0,0,1.0
665,7143,11.905,4602,0,0,0,1.0
666,7153,11.921667,4797,0,0,0,1.0
667,7163,11.938333,4981,0,0,0,1.0
668,7173,11.955,5125,0,0,0,1.0
669,7183,11.971667,5231,0,0,0,1.0
670,7193,11.988333,5305,0,0,0,1.0
671,7203,12.005,5350,0,0,0,1.0
672,7213,12.021667,5399,0,0,0,1.0
673,7223,12.038333,5471,0,0,0,1.0
674,7233,12.055,5530,0,0,0,1.0
675,7243,12.071667,5582,0,0,0,1.0
676,7253,12.088333,5638,0,0,0,1.0
677,7263,12.105,5653,0,0,0,1.0
678,7273,12.121667,5657,0,0,0,1.0
679,7283,12.138333,5653,0,0,0,1.0
680,7293,12.155,5639,0,0,0,1.0
681,7303,12.171667,5598,0,0,0,1.0
682,7313,12.188333,5574,0,0,0,1.0
683,7323,12.205,5547,0,0,0,1.0
684,7333,12.221667,5501,0,0,0,1.0
685,7343,12.238333,5475,0,0,0,1.0
686,7353,12.255,5448,0,0,0,1.0
687,7363,12.271667,5426,0,0,0,1.0
688,7373,12.288333,5419,0,0,0,1.0
689,7383,12.305,5411,0,0,0,1.0
690,7393,12.321667,5395,0,0,0,1.0
691,7403,12.338333,5409,0,0,0,1.0
692,7413,12.355,5834,2780,0,0,0.523483
693,7423,12.371667,1279,4289,0,1,0.701795
694,7433,12.388333,0,4265,0,1,1.0
695,7443,12.405,0,4764,2368,1,0.502939
696,7453,12.421667,0,2788,4885,2,0.429273
697,7463,12.438333,0,25,4489,2,0.994431
698,7473,12.455,0,0,4448,2,1.0
699,7483,12.471667,0,0,4433,2,1.0
700,7493,12.488333,0,0,4443,2,1.0
701,7503,12.505,0,0,4385,2,1.0
702,7513,12.521667,0,0,4256,2,1.0
703,7523,12.538333,0,0,4093,2,1.0
704,7533,12.555,0,0,3821,2,1.0
705,7543,12.571667,0,0,3673,2,1.0
706,7553,12.588333,0,0,3515,2,1.0
707,7563,12.605,0,0,3353,2,1.0
708,7573,12.621667,0,0,3239,2,1.0
709,7583,12.638333,0,0,3197,2,1.0
710,7593,12.655,0,0,3147,2,1.0
711,7603,12.671667,0,0,3151,2,1.0
712,7613,12.688333,0,0,3131,2,1.0
713,7623,12.705,0,0,3086,2,1.0
714,7633,12.721667,0,0,3062,2,1.0
715,7643,12.738333,0,0,3065,2,1.0
716,7653,12.755,0,0,3080,2,1.0
717,7663,12.771667,0,0,3033,2,1.0
718,7673,12.788333,0,0,3034,2,1.0
719,7683,12.805,0,0,3033,2,1.0
720,7693,12.821667,0,0,3034,2,1.0
721,7703,12.838333,0,0,3034,2,1.0
722,7713,12.855,0,0,3033,2,1.0
723,7723,12.871667,0,0,3030,2,1.0
724,7733,12.888333,0,0,3032,2,1.0
725,7743,12.905,0,0,3032,2,1.0
726,7753,12.921667,0,0,3032,2,1.0
727,7763,12.938333,0,0,3032,2,1.0
728,7773,12.955,0,0,3029,2,1.0
729,7783,12.971667,0,0,3030,2,1.0
730,7793,12.988333,0,0,3030,2,1.0
731,7803,13.005,0,0,3030,2,1.0
732,7813,13.021667,0,0,3030,2,1.0
733,7823,13.038333,0,0,3030,2,1.0
734,7833,13.055,0,0,3030,2,1.0
735,7843,13.071667,0,0,3176,2,1.0
736,7853,13.088333,0,0,3423,2,1.0
737,7863,13.105,0,0,3609,2,1.0
738,7873,13.121667,0,0,3853,2,1.0
739,7883,13.138333,0,0,4048,2,1.0
740,7893,13.155,0,0,4197,2,1.0
741,7903,13.171667,0,0,4290,2,1.0
742,7913,13.188333,0,0,4349,2,1.0
743,7923,13.205,0,0,4396,2,1.0
744,7933,13.221667,0,0,4423,2,1.0
745,7943,13.238333,0,0,4429,2,1.0
746,7953,13.255,0,0,4444,2,1.0
747,7963,13.271667,0,0,4457,2,1.0
748,7973,13.288333,0,0,4466,2,1.0
749,7983,13.305,0,0,4474,2,1.0
750,7993,13.321667,0,0,4474,2,1.0
751,8003,13.338333,0,0,4474,2,1.0
752,8013,13.355,0,0,4469,2,1.0
753,8023,13.371667,0,0,4470,2,1.0
754,8033,13.388333,0,0,4483,2,1.0
755,8043,13.405,0,0,4470,2,1.0
756,8053,13.421667,0,0,4468,2,1.0
757,8063,13.438333,0,0,4468,2,1.0
758,8073,13.455,0,0,4466,2,1.0
759,8083,13.471667,0,0,4471,2,1.0
760,8093,13.488333,0,0,4471,2,1.0
761,8103,13.505,0,0,4471,2,1.0
762,8113,13.521667,0,0,4466,2,1.0
763,8123,13.538333,0,0,4466,2,1.0
764,8133,13.555,0,0,4466,2,1.0
765,8143,13.571667,0,0,4467,2,1.0
766,8153,13.588333,0,0,4468,2,1.0
767,8163,13.605,0,0,4467,2,1.0
768,8173,13.621667,0,0,4442,2,1.0
769,8183,13.638333,0,0,4474,2,1.0
770,8193,13.655,0,23,4505,2,0.994895
771,8203,13.671667,0,5256,2835,1,0.460616
772,8213,13.688333,0,4246,0,1,1.0
773,8223,13.705,640,4236,0,1,0.848914
774,8233,13.721667,6292,3311,0,0,0.473776
775,8243,13.738333,5426,319,0,0,0.941209
776,8253,13.755,5411,0,0,0,1.0
777,8263,13.771667,5366,0,0,0,1.0
778,8273,13.788333,5251,0,0,0,1.0
779,8283,13.805,5037,0,0,0,1.0
780,8293,13.821667,4803,0,0,0,1.0
781,8303,13.838333,4616,0,0,0,1.0
782,8313,13.855,4415,0,0,0,1.0
783,8323,13.871667,4218,0,0,0,1.0
784,8333,13.888333,4065,0,0,0,1.0
785,8343,13.905,3943,0,0,0,1.0
786,8353,13.921667,3841,0,0,0,1.0
787,8363,13.938333,3779,0,0,0,1.0
788,8373,13.955,3763,0,0,0,1.0
789,8383,13.971667,3718,0,0,0,1.0
790,8393,13.988333,3728,0,0,0,1.0
791,8403,14.005,3703,0,0,0,1.0
792,8413,14.021667,3674,0,0,0,1.0
793,8423,14.038333,3660,0,0,0,1.0
794,8433,14.055,3670,0,0,0,1.0
795,8443,14.071667,3691,0,0,0,1.0
796,8453,14.088333,3667,0,0,0,1.0
797,8463,14.105,3667,0,0,0,1.0
798,8473,14.121667,3667,0,0,0,1.0
799,8483,14.138333,3667,0,0,0,1.0
800,8493,14.155,3666,0,0,0,1.0
801,8503,14.171667,3666,0,0,0,1.0
802,8513,14.188333,3666,0,0,0,1.0
803,8523,14.205,3666,0,0,0,1.0
804,8533,14.221667,3666,0,0,0,1.0
805,8543,14.238333,3666,0,0,0,1.0
806,8553,14.255,3665,0,0,0,1.0
807,8563,14.271667,3665,0,0,0,1.0
808,8573,14.288333,3665,0,0,0,1.0
809,8583,14.305,3665,0,0,0,1.0
810,8593,14.321667,3664,0,0,0,1.0
811,8603,14.338333,3664,0,0,0,1.0
812,8613,14.355,3664,0,0,0,1.0
813,8623,14.371667,3664,0,0,0,1.0
814,8633,14.388333,3664,0,0,0,1.0
815,8643,14.405,3664,0,0,0,1.0
816,8653,14.421667,3664,0,0,0,1.0
817,8663,14.438333,3664,0,0,0,1.0
818,8673,14.455,3664,0,0,0,1.0
819,8683,14.471667,3664,0,0,0,1.0
820,8693,14.488333,3664,0,0,0,1.0
821,8703,14.505,3664,0,0,0,1.0
822,8713,14.521667,3664,0,0,0,1.0
823,8723,14.538333,3664,0,0,0,1.0
824,8733,14.555,3664,0,0,0,1.0
825,8743,14.571667,3664,0,0,0,1.0
826,8753,14.588333,3664,0,0,0,1.0
827,8763,14.605,3799,0,0,0,1.0
828,8773,14.621667,4044,0,0,0,1.0
829,8783,14.638333,4299,0,0,0,1.0
830,8793,14.655,4567,0,0,0,1.0
831,8803,14.671667,4816,0,0,0,1.0
832,8813,14.688333,4986,0,0,0,1.0
833,8823,14.705,5145,0,0,0,1.0
834,8833,14.721667,5251,0,0,0,1.0
835,8843,14.738333,5350,271,0,0,0.949346
836,8853,14.755,5652,2317,0,0,0.590057
837,8863,14.771667,6094,3405,0,0,0.441254
838,8873,14.788333,5345,4410,0,-1,0.17493
839,8883,14.805,184,4517,0,1,0.959265
840,8893,14.821667,0,4573,0,1,1.0
841,8903,14.838333,0,4665,2614,1,0.439657
842,8913,14.855,0,3902,4119,-1,0.052683
843,8923,14.871667,0,1986,3389,2,0.413986
844,8933,14.888333,0,120,3256,2,0.963145
845,8943,14.905,0,0,3249,2,1.0
846,8953,14.921667,0,0,3194,2,1.0
847,8963,14.938333,0,0,3100,2,1.0
848,8973,14.955,0,0,2759,2,1.0
849,8983,14.971667,0,0,2521,2,1.0
850,8993,14.988333,0,0,3066,2,1.0
851,9003,15.005,0,0,3423,2,1.0
852,9013,15.021667,0,0,3695,2,1.0
853,9023,15.038333,0,0,3650,2,1.0
854,9033,15.055,0,0,3414,2,1.0
855,9043,15.071667,0,0,3238,2,1.0
856,9053,15.088333,0,0,3156,2,1.0
857,9063,15.105,0,0,3112,2,1.0
858,9073,15.121667,0,0,3104,2,1.0
859,9083,15.138333,0,0,3105,2,1.0
860,9093,15.155,0,0,3059,2,1.0
861,9103,15.171667,0,0,3041,2,1.0
862,9113,15.188333,0,0,3059,2,1.0
863,9123,15.205,0,0,3032,2,1.0
864,9133,15.221667,0,0,3033,2,1.0
865,9143,15.238333,0,0,3030,2,1.0
866,9153,15.255,0,0,3034,2,1.0
867,9163,15.271667,0,0,3034,2,1.0
868,9173,15.288333,0,0,3035,2,1.0
869,9183,15.305,0,0,3035,2,1.0
870,9193,15.321667,0,0,3034,2,1.0
871,9203,15.338333,0,0,3033,2,1.0
872,9213,15.355,0,0,3033,2,1.0
873,9223,15.371667,0,0,3034,2,1.0
874,9233,15.388333,0,0,3034,2,1.0
875,9243,15.405,0,0,3034,2,1.0
876,9253,15.421667,0,0,3034,2,1.0
877,9263,15.438333,0,0,3034,2,1.0
878,9273,15.455,0,0,3034,2,1.0
879,9283,15.471667,0,0,3034,2,1.0
880,9293,15.488333,0,0,3034,2,1.0
881,9303,15.505,0,0,3034,2,1.0
882,9313,15.521667,0,0,3034,2,1.0
883,9323,15.538333,0,0,3034,2,1.0
884,9333,15.555,0,0,3034,2,1.0
885,9343,15.571667,0,0,3034,2,1.0
886,9353,15.588333,0,0,3034,2,1.0
887,9363,15.605,0,0,3034,2,1.0
888,9373,15.621667,0,0,3034,2,1.0
889,9383,15.638333,0,0,3177,2,1.0
890,9393,15.655,0,0,3451,2,1.0
891,9403,15.671667,0,0,3645,2,1.0
892,9413,15.688333,0,0,3867,2,1.0
893,9423,15.705,0,0,4123,2,1.0
894,9433,15.721667,0,4718,2823,1,0.401653
895,9443,15.738333,0,4003,0,1,1.0
896,9453,15.755,468,4062,0,1,0.884786
897,9463,15.771667,6125,3105,0,0,0.493061
898,9473,15.788333,5398,284,0,0,0.947388
899,9483,15.805,5425,0,0,0,1.0
900,9493,15.821667,5452,0,0,0,1.0
901,9503,15.838333,5530,0,0,0,1.0
902,9513,15.855,5462,0,0,0,1.0
903,9523,15.871667,5255,0,0,0,1.0
904,9533,15.888333,4870,0,0,0,1.0
905,9543,15.905,4589,0,0,0,1.0
906,9553,15.921667,4349,0,0,0,1.0
907,9563,15.938333,4310,0,0,0,1.0
908,9573,15.955,4292,0,0,0,1.0
909,9583,15.971667,4229,0,0,0,1.0
910,9593,15.988333,4099,0,0,0,1.0
911,9603,16.005,3972,0,0,0,1.0
912,9613,16.021667,3849,0,0,0,1.0
913,9623,16.038333,3776,0,0,0,1.0
914,9633,16.055,3729,0,0,0,1.0
915,9643,16.071667,3690,0,0,0,1.0
916,9653,16.088333,3679,0,0,0,1.0
917,9663,16.105,3699,0,0,0,1.0
918,9673,16.121667,3693,0,0,0,1.0
919,9683,16.138333,3664,0,0,0,1.0
920,9693,16.155,3665,0,0,0,1.0
921,9703,16.171667,3664,0,0,0,1.0
922,9713,16.188333,3664,0,0,0,1.0
923,9723,16.205,3663,0,0,0,1.0
924,9733,16.221667,3663,0,0,0,1.0
925,9743,16.238333,3664,0,0,0,1.0
926,9753,16.255,3664,0,0,0,1.0
927,9763,16.271667,3664,0,0,0,1.0
928,9773,16.288333,3664,0,0,0,1.0
929,9783,16.305,3664,0,0,0,1.0
930,9793,16.321667,3664,0,0,0,1.0
931,9803,16.338333,3664,0,0,0,1.0
932,9813,16.355,3664,0,0,0,1.0
933,9823,16.371667,3664,0,0,0,1.0
934,9833,16.388333,3664,0,0,0,1.0
935,9843,16.405,3664,0,0,0,1.0
936,9853,16.421667,3664,0,0,0,1.0
937,9862,16.436667,3664,0,0,0,1.0
938,9872,16.453333,3664,0,0,0,1.0
939,9882,16.47,3664,0,0,0,1.0
940,9892,16.486667,3664,0,0,0,1.0
941,9902,16.503333,3664,0,0,0,1.0
942,9912,16.52,3664,0,0,0,1.0
943,9922,16.536667,3664,0,0,0,1.0
944,9932,16.553333,3664,0,0,0,1.0
945,9942,16.57,3664,0,0,0,1.0
946,9952,16.586667,3789,0,0,0,1.0
947,9962,16.603333,4040,0,0,0,1.0
948,9972,16.62,4312,0,0,0,1.0
949,9982,16.636667,4614,0,0,0,1.0
950,9992,16.653333,5556,2522,0,0,0.546076
951,10002,16.67,0,3972,0,1,1.0
952,10012,16.686667,0,4077,0,1,1.0
953,10022,16.703333,0,4583,1999,1,0.563823
954,10032,16.72,0,2934,4561,2,0.35672
955,10042,16.736667,0,1117,4701,2,0.762391
956,10052,16.753333,0,0,4732,2,1.0
957,10062,16.77,0,0,4664,2,1.0
958,10072,16.786667,0,0,3830,2,1.0
959,10082,16.803333,0,0,2969,2,1.0
960,10092,16.82,0,0,2951,2,1.0
961,10102,16.836667,0,0,2804,2,1.0
962,10112,16.853333,0,0,2558,2,1.0
963,10122,16.87,0,0,2564,2,1.0
964,10132,16.886667,0,0,2956,2,1.0
965,10142,16.903333,0,0,3208,2,1.0
966,10152,16.92,0,0,3441,2,1.0
967,10162,16.936667,0,0,3551,2,1.0
968,10172,16.953333,0,0,3386,2,1.0
969,10182,16.97,0,0,3235,2,1.0
970,10192,16.986667,0,0,3160,2,1.0
971,10202,17.003333,0,0,3131,2,1.0
972,10212,17.02,0,0,3082,2,1.0
973,10222,17.036667,0,0,3069,2,1.0
974,10232,17.053333,0,0,3059,2,1.0
975,10252,17.086667,0,0,3039,2,1.0
976,10262,17.103333,0,0,3063,2,1.0
977,10272,17.12,0,0,3036,2,1.0
978,10282,17.136667,0,0,3040,2,1.0
979,10292,17.153333,0,0,3039,2,1.0
980,10302,17.17,0,0,3038,2,1.0
981,10312,17.186667,0,0,3034,2,1.0
982,10322,17.203333,0,0,3032,2,1.0
983,10332,17.22,0,0,3032,2,1.0
984,10352,17.253333,0,0,3029,2,1.0
985,10362,17.27,0,0,3029,2,1.0
986,10372,17.286667,0,0,3029,2,1.0
987,10382,17.303333,0,0,3029,2,1.0
988,10392,17.32,0,0,3029,2,1.0
989,10402,17.336667,0,0,3028,2,1.0
990,10412,17.353333,0,0,3028,2,1.0
991,10422,17.37,0,0,3028,2,1.0
992,10442,17.403333,0,0,3028,2,1.0
993,10452,17.42,0,0,3189,2,1.0
994,10462,17.436667,0,0,3440,2,1.0
995,10472,17.453333,0,0,3634,2,1.0
996,10482,17.47,0,0,3867,2,1.0
997,10492,17.486667,0,0,4039,2,1.0
998,10502,17.503333,0,0,4205,2,1.0
999,10512,17.52,0,0,4273,2,1.0
1000,10522,17.536667,0,0,4362,2,1.0
1001,10532,17.553333,0,0,4396,2,1.0
1002,10542,17.57,0,0,4396,2,1.0
1003,10552,17.586667,0,0,4430,2,1.0
1004,10572,17.62,0,0,4462,2,1.0
1005,10582,17.636667,0,0,4485,2,1.0
1006,10592,17.653333,0,0,4488,2,1.0
1007,10602,17.67,0,0,4488,2,1.0
1008,10612,17.686667,0,0,4485,2,1.0
1009,10622,17.703333,0,0,4476,2,1.0
1010,10632,17.72,0,0,4485,2,1.0
1011,10642,17.736667,0,0,4492,2,1.0
1012,10662,17.77,0,5201,2361,1,0.546049
1013,10672,17.786667,0,4229,0,1,1.0
1014,10682,17.803333,121,4220,0,1,0.971327
1015,10692,17.82,6305,3211,0,0,0.490722
1016,10702,17.836667,5410,370,0,0,0.931608
1017,10712,17.853333,5427,0,0,0,1.0
1018,10722,17.87,5393,0,0,0,1.0
1019,10732,17.886667,5262,0,0,0,1.0
1020,10752,17.92,4840,0,0,0,1.0
1021,10762,17.936667,4641,0,0,0,1.0
1022,10772,17.953333,4451,0,0,0,1.0
1023,10782,17.97,4285,0,0,0,1.0
1024,10792,17.986667,4113,0,0,0,1.0
1025,10802,18.003333,3963,0,0,0,1.0
1026,10812,18.02,3846,0,0,0,1.0
1027,10822,18.036667,3784,0,0,0,1.0
1028,10832,18.053333,3764,0,0,0,1.0
1029,10842,18.07,3696,0,0,0,1.0
1030,10852,18.086667,3690,0,0,0,1.0
1031,10862,18.103333,3720,0,0,0,1.0
1032,10882,18.136667,3662,0,0,0,1.0
1033,10892,18.153333,3663,0,0,0,1.0
1034,10902,18.17,3694,0,0,0,1.0
1035,10912,18.186667,3664,0,0,0,1.0
1036,10922,18.203333,3664,0,0,0,1.0
1037,10932,18.22,3663,0,0,0,1.0
1038,10942,18.236667,3663,0,0,0,1.0
1039,10952,18.253333,3663,0,0,0,1.0
1040,10962,18.27,3662,0,0,0,1.0
1041,10972,18.286667,3662,0,0,0,1.0
1042,10982,18.303333,3662,0,0,0,1.0
1043,10992,18.32,3662,0,0,0,1.0
1044,11012,18.353333,3662,0,0,0,1.0
1045,11022,18.37,3662,0,0,0,1.0
1046,11032,18.386667,3662,0,0,0,1.0
1047,11042,18.403333,3662,0,0,0,1.0
1048,11052,18.42,3662,0,0,0,1.0
1049,11062,18.436667,3662,0,0,0,1.0
1050,11072,18.453333,3662,0,0,0,1.0
1051,11082,18.47,3662,0,0,0,1.0
1052,11092,18.486667,3662,0,0,0,1.0
1053,11102,18.503333,3662,0,0,0,1.0
1054,11112,18.52,3662,0,0,0,1.0
1055,11122,18.536667,3662,0,0,0,1.0
1056,11142,18.57,3662,0,0,0,1.0
1057,11152,18.586667,3662,0,0,0,1.0
1058,11162,18.603333,3662,0,0,0,1.0
1059,11172,18.62,3662,0,0,0,1.0
1060,11182,18.636667,3662,0,0,0,1.0
1061,11192,18.653333,3662,0,0,0,1.0
1062,11202,18.67,3662,0,0,0,1.0
1063,11212,18.686667,3804,0,0,0,1.0
1064,11222,18.703333,4039,0,0,0,1.0
1065,11232,18.72,4312,0,0,0,1.0
1066,11242,18.736667,4577,0,0,0,1.0
1067,11252,18.753333,4822,0,0,0,1.0
1068,11272,18.786667,5433,1898,0,0,0.650653
1069,11282,18.803333,5318,4016,0,-1,0.244829
1070,11292,18.82,779,4207,0,1,0.814832
1071,11302,18.836667,0,4252,0,1,1.0
1072,11312,18.853333,0,4355,0,1,1.0
1073,11322,18.87,0,4567,1738,1,0.619444
1074,11332,18.886667,0,4604,3154,-1,0.314944
1075,11342,18.903333,0,4048,4230,-1,0.043026
1076,11352,18.92,0,3571,3862,-1,0.07535
1077,11362,18.936667,0,3070,3902,-1,0.213224
1078,11372,18.953333,0,3439,4252,-1,0.191204
1079,11382,18.97,0,3898,4216,-1,0.075427
1080,11402,19.003333,0,4528,0,1,1.0
1081,11412,19.02,2520,4579,0,1,0.449661
1082,11422,19.036667,5911,3854,0,-1,0.347995
1083,11432,19.053333,5722,1112,0,0,0.805662
1084,11442,19.07,5626,53,0,0,0.990579
1085,11452,19.086667,5585,0,0,0,1.0
1086,11462,19.103333,5564,0,0,0,1.0
1087,11472,19.12,5522,0,0,0,1.0
1088,11482,19.136667,5522,0,0,0,1.0
1089,11492,19.153333,5520,450,0,0,0.918478
1090,11502,19.17,6206,3539,0,0,0.429745
1091,11512,19.186667,50,4272,0,1,0.988296
1092,11532,19.22,0,4888,2446,1,0.499591
1093,11542,19.236667,0,2585,4901,2,0.472557
1094,11552,19.253333,0,0,4478,2,1.0
1095,11562,19.27,0,0,4479,2,1.0
1096,11572,19.286667,0,0,4488,2,1.0
1097,11582,19.303333,0,0,4483,2,1.0
1098,11592,19.32,0,0,4485,2,1.0
1099,11602,19.336667,0,236,4513,2,0.947707
1100,11612,19.353333,0,5148,3971,-1,0.228632
1101,11622,19.37,0,4250,0,1,1.0
1102,11632,19.386667,4,4257,0,1,0.99906
1103,11642,19.403333,5440,2887,0,0,0.469301
1104,11662,19.436667,5406,0,0,0,1.0
1105,11672,19.453333,5394,0,0,0,1.0
1106,11682,19.47,5407,0,0,0,1.0
1107,11692,19.486667,5485,377,0,0,0.931267
1108,11702,19.503333,4629,4627,0,-1,0.000432
1109,11712,19.52,0,4258,0,1,1.0
1110,11722,19.536667,0,4252,237,1,0.944262
1111,11732,19.553333,0,2871,3589,-1,0.200056
1112,11752,19.586667,0,0,4454,2,1.0
1113,11762,19.603333,0,0,4454,2,1.0
1114,11772,19.62,0,0,4465,2,1.0
1115,11782,19.636667,0,0,4470,2,1.0
1116,11792,19.653333,0,398,4506,2,0.911673
1117,11802,19.67,0,5104,2563,1,0.497845
1118,11812,19.686667,0,4247,0,1,1.0
1119,11822,19.703333,1073,4270,0,1,0.748712
1120,11842,19.736667,5410,0,0,0,1.0
1121,11852,19.753333,5393,0,0,0,1.0
1122,11862,19.77,5403,0,0,0,1.0
1123,11872,19.786667,5376,0,0,0,1.0
1124,11882,19.803333,5360,0,0,0,1.0
1125,11892,19.82,6399,3175,0,0,0.503829
1126,11902,19.836667,0,4252,0,1,1.0
1127,11912,19.853333,0,4257,0,1,1.0
1128,11932,19.886667,0,27,4526,2,0.994034
1129,11942,19.903333,0,0,4466,2,1.0
1130,11952,19.92,0,0,4470,2,1.0
1131,11962,19.936667,0,0,4468,2,1.0
1132,11972,19.953333,0,0,4448,2,1.0
1133,11982,19.97,0,2198,4534,2,0.515218
1134,11992,19.986667,0,4452,1770,1,0.602426
1135,12002,20.003333,0,4245,0,1,1.0
1136,12022,20.036667,5842,1392,0,0,0.761725
1137,12032,20.053333,5408,0,0,0,1.0
1138,12042,20.07,5404,0,0,0,1.0
1139,12052,20.086667,5407,0,0,0,1.0
1140,12062,20.103333,5401,0,0,0,1.0
1141,12072,20.12,6319,3153,0,0,0.501029
1142,12082,20.136667,0,4250,0,1,1.0
1143,12092,20.153333,0,4260,0,1,1.0
1144,12112,20.186667,0,27,4525,2,0.994033
1145,12122,20.203333,0,0,4466,2,1.0
1146,12132,20.22,0,0,4466,2,1.0
1147,12142,20.236667,0,0,4465,2,1.0
1148,12152,20.253333,0,0,4458,2,1.0
1149,12162,20.27,0,3056,3743,-1,0.183543
1150,12172,20.286667,0,4239,0,1,1.0
1151,12182,20.303333,0,4256,0,1,1.0
1152,12192,20.32,4487,3360,0,-1,0.25117
1153,12202,20.336667,5601,437,0,0,0.921978
1154,12212,20.353333,5368,0,0,0,1.0
1155,12222,20.37,5398,0,0,0,1.0
1156,12242,20.403333,5433,383,0,0,0.929505
1157,12252,20.42,4364,4825,0,-1,0.095544
1158,12262,20.436667,0,4253,0,1,1.0
1159,12272,20.453333,0,4457,1123,1,0.748037
1160,12282,20.47,0,2549,4957,2,0.485778
1161,12292,20.486667,0,0,4491,2,1.0
1162,12302,20.503333,0,0,4475,2,1.0
1163,12312,20.52,0,0,4444,2,1.0
1164,12322,20.536667,0,0,4461,2,1.0
1165,12332,20.553333,0,53,4476,2,0.988159
1166,12342,20.57,0,5047,3778,-1,0.251436
1167,12352,20.586667,0,4229,0,1,1.0
1168,12373,20.621667,6377,3013,0,0,0.527521
1169,12383,20.638333,5377,0,0,0,1.0
1170,12393,20.655,5406,0,0,0,1.0
1171,12403,20.671667,5396,0,0,0,1.0
1172,12413,20.688333,5420,390,0,0,0.928044
1173,12423,20.705,4338,4729,0,-1,0.082681
1174,12433,20.721667,0,4258,0,1,1.0
1175,12443,20.738333,0,4390,435,1,0.900911
1176,12453,20.755,0,2875,4539,2,0.366601
1177,12463,20.771667,0,0,4471,2,1.0
1178,12473,20.788333,0,0,4453,2,1.0
1179,12483,20.805,0,0,4438,2,1.0
1180,12503,20.838333,0,4225,213,1,0.949586
1181,12513,20.855,0,4235,0,1,1.0
1182,12523,20.871667,3900,4017,0,-1,0.029126
1183,12533,20.888333,5599,448,0,0,0.919986
1184,12543,20.905,5356,0,0,0,1.0
1185,12553,20.921667,5381,0,0,0,1.0
1186,12563,20.938333,5892,2655,0,0,0.549389
1187,12573,20.955,0,4237,0,1,1.0
1188,12583,20.971667,0,4240,0,1,1.0
1189,12593,20.988333,0,4564,2747,1,0.398116
1190,12603,21.005,0,35,4958,2,0.992941
1191,12613,21.021667,0,0,4442,2,1.0
1192,12633,21.055,0,4,4457,2,0.999103
1193,12643,21.071667,0,3561,2973,-1,0.165122
1194,12653,21.088333,0,4231,0,1,1.0
1195,12663,21.105,37,4221,0,1,0.991234
1196,12673,21.121667,5779,3091,0,0,0.465132
1197,12683,21.138333,5396,6,0,0,0.998888
1198,12693,21.155,5364,0,0,0,1.0
1199,12703,21.171667,5387,0,0,0,1.0
1200,12713,21.188333,5470,430,0,0,0.921389
1201,12723,21.205,3697,4779,0,-1,0.226407
1202,12733,21.221667,0,4239,0,1,1.0
1203,12743,21.238333,0,4452,962,1,0.783917
1204,12763,21.271667,0,0,4459,2,1.0
1205,12773,21.288333,0,0,4449,2,1.0
1206,12783,21.305,0,0,4448,2,1.0
1207,12793,21.321667,0,0,4436,2,1.0
1208,12803,21.338333,0,2816,4622,2,0.39074
1209,12813,21.355,0,4238,204,1,0.951864
1210,12823,21.371667,0,4242,0,1,1.0
1211,12833,21.388333,4342,4000,0,-1,0.078766
1212,12853,21.421667,5389,0,0,0,1.0
1213,12863,21.438333,5375,0,0,0,1.0
1214,12873,21.455,5425,409,0,0,0.924608
1215,12883,21.471667,4260,4691,0,-1,0.091878
1216,12893,21.488333,0,4239,0,1,1.0
1217,12903,21.505,0,4389,533,1,0.87856
1218,12913,21.521667,0,2839,4660,2,0.390773
1219,12923,21.538333,0,0,4455,2,1.0
1220,12933,21.555,0,0,4448,2,1.0
1221,12943,21.571667,0,0,4441,2,1.0
1222,12953,21.588333,0,0,4405,2,1.0
1223,12963,21.605,0,3021,3671,-1,0.177063
1224,12983,21.638333,0,4214,0,1,1.0
1225,12993,21.655,4530,2847,0,0,0.371523
1226,13003,21.671667,5492,407,0,0,0.925892
1227,13013,21.688333,5366,0,0,0,1.0
1228,13023,21.705,5364,0,0,0,1.0
1229,13033,21.721667,5378,0,0,0,1.0
1230,13043,21.738333,5386,261,0,0,0.951541
1231,13053,21.755,4103,4896,0,-1,0.161969
1232,13073,21.788333,0,4490,1983,1,0.558352
1233,13083,21.805,0,2300,4966,2,0.536851
1234,13093,21.821667,0,0,4440,2,1.0
1235,13103,21.838333,0,0,4411,2,1.0
1236,13123,21.871667,0,0,4389,2,1.0
1237,13133,21.888333,0,2397,4677,2,0.487492
1238,13143,21.905,0,4338,844,1,0.80544
1239,13153,21.921667,0,4209,0,1,1.0
1240,13163,21.938333,3109,4807,0,1,0.353235
1241,13173,21.955,5879,1399,0,0,0.762034
1242,13183,21.971667,5378,0,0,0,1.0
1243,13193,21.988333,5364,0,0,0,1.0
1244,13213,22.021667,5396,212,0,0,0.960712
1245,13223,22.038333,5063,3262,0,0,0.355718
1246,13233,22.055,0,4232,0,1,1.0
1247,13243,22.071667,0,4243,81,1,0.98091
1248,13253,22.088333,0,2997,3952,-1,0.24165
1249,13263,22.105,0,46,4443,2,0.989647
1250,13273,22.121667,0,0,4442,2,1.0
1251,13283,22.138333,0,0,4414,2,1.0
1252,13303,22.171667,0,0,4424,2,1.0
1253,13313,22.188333,0,0,4420,2,1.0
1254,13323,22.205,0,1264,4468,2,0.717099
1255,13333,22.221667,0,4475,2475,1,0.446927
1256,13343,22.238333,0,4197,0,1,1.0
1257,13353,22.255,63,4168,0,1,0.984885
1258,13363,22.271667,4496,2801,0,0,0.377002
1259,13373,22.288333,5735,1490,0,0,0.740192
1260,13393,22.321667,5101,0,0,0,1.0
1261,13403,22.338333,5058,0,0,0,1.0
1262,13413,22.355,4958,0,0,0,1.0
1263,13423,22.371667,4761,0,0,0,1.0
1264,13433,22.388333,4551,0,0,0,1.0
1265,13443,22.405,4392,0,0,0,1.0
1266,13453,22.421667,4224,0,0,0,1.0
1267,13463,22.438333,4070,0,0,0,1.0
1268,13473,22.455,3971,0,0,0,1.0
1269,13483,22.471667,3897,0,0,0,1.0
1270,13493,22.488333,3823,0,0,0,1.0
1271,13503,22.505,3800,0,0,0,1.0
1272,13523,22.538333,3740,0,0,0,1.0
1273,13533,22.555,3720,0,0,0,1.0
1274,13543,22.571667,3688,0,0,0,1.0
1275,13553,22.588333,3662,0,0,0,1.0
1276,13563,22.605,3662,0,0,0,1.0
1277,13573,22.621667,3662,0,0,0,1.0
1278,13583,22.638333,3662,0,0,0,1.0
1279,13593,22.655,3662,0,0,0,1.0
1280,13603,22.671667,3661,0,0,0,1.0
1281,13613,22.688333,3661,0,0,0,1.0
1282,13623,22.705,3661,0,0,0,1.0
1283,13633,22.721667,3661,0,0,0,1.0
1284,13653,22.755,3661,0,0,0,1.0
1285,13663,22.771667,3661,0,0,0,1.0
1286,13673,22.788333,3661,0,0,0,1.0
1287,13683,22.805,3661,0,0,0,1.0
1288,13693,22.821667,3662,0,0,0,1.0
1289,13703,22.838333,3662,0,0,0,1.0
1290,13713,22.855,3662,0,0,0,1.0
1291,13723,22.871667,3662,0,0,0,1.0
1292,13733,22.888333,3662,0,0,0,1.0
1293,13743,22.905,3662,0,0,0,1.0
1294,13753,22.921667,3662,0,0,0,1.0
1295,13763,22.938333,3662,0,0,0,1.0
1296,13783,22.971667,3662,0,0,0,1.0
1297,13793,22.988333,3662,0,0,0,1.0
1298,13803,23.005,3662,0,0,0,1.0
1299,13813,23.021667,3662,0,0,0,1.0
1300,13823,23.038333,3662,0,0,0,1.0
1301,13833,23.055,3662,0,0,0,1.0
1302,13843,23.071667,3662,0,0,0,1.0
1303,13853,23.088333,3662,0,0,0,1.0
1304,13863,23.105,3662,0,0,0,1.0
1305,13873,23.121667,3777,0,0,0,1.0
1306,13883,23.138333,4046,0,0,0,1.0
1307,13893,23.155,4299,0,0,0,1.0
1308,13913,23.188333,4836,0,0,0,1.0
1309,13923,23.205,5021,3,0,0,0.999403
1310,13933,23.221667,2058,4928,0,1,0.582386
1311,13943,23.238333,0,4100,0,1,1.0
1312,13953,23.255,0,4158,272,1,0.934584
1313,13963,23.271667,0,2825,3983,-1,0.290736
1314,13973,23.288333,0,18,4501,2,0.996001
1315,13983,23.305,0,0,4479,2,1.0
1316,14003,23.338333,0,0,4403,2,1.0
1317,14013,23.355,0,0,4322,2,1.0
1318,14023,23.371667,0,0,4157,2,1.0
1319,14033,23.388333,0,0,3956,2,1.0
1320,14043,23.405,0,0,3809,2,1.0
1321,14053,23.421667,0,0,3621,2,1.0
1322,14063,23.438333,0,0,3426,2,1.0
1323,14073,23.455,0,0,3303,2,1.0
1324,14083,23.471667,0,0,3223,2,1.0
1325,14093,23.488333,0,0,3164,2,1.0
1326,14103,23.505,0,0,3110,2,1.0
1327,14113,23.521667,0,0,3089,2,1.0
1328,14133,23.555,0,0,3061,2,1.0
1329,14143,23.571667,0,0,3067,2,1.0
1330,14153,23.588333,0,0,3063,2,1.0
1331,14163,23.605,0,0,3048,2,1.0
1332,14173,23.621667,0,0,3059,2,1.0
1333,14183,23.638333,0,0,3088,2,1.0
1334,14193,23.655,0,0,3034,2,1.0
1335,14203,23.671667,0,0,3033,2,1.0
1336,14213,23.688333,0,0,3033,2,1.0
1337,14223,23.705,0,0,3034,2,1.0
1338,14233,23.721667,0,0,3032,2,1.0
1339,14243,23.738333,0,0,3032,2,1.0
1340,14263,23.771667,0,0,3033,2,1.0
1341,14273,23.788333,0,0,3033,2,1.0
1342,14283,23.805,0,0,3033,2,1.0
1343,14293,23.821667,0,0,3033,2,1.0
1344,14303,23.838333,0,0,3033,2,1.0
1345,14313,23.855,0,0,3032,2,1.0
1346,14323,23.871667,0,0,3032,2,1.0
1347,14333,23.888333,0,0,3032,2,1.0
1348,14353,23.921667,0,0,3032,2,1.0
1349,14363,23.938333,0,0,3032,2,1.0
1350,14373,23.955,0,0,3145,2,1.0
1351,14383,23.971667,0,0,3595,2,1.0
1352,14393,23.988333,0,3504,0,1,1.0
1353,14403,24.005,0,3569,0,1,1.0
1354,14413,24.021667,1672,4647,0,1,0.640198
1355,14423,24.038333,5791,1885,0,0,0.674495
1356,14443,24.071667,5182,0,0,0,1.0
1357,14453,24.088333,5199,0,0,0,1.0
1358,14463,24.105,5201,0,0,0,1.0
1359,14473,24.121667,5183,0,0,0,1.0
1360,14483,24.138333,5123,0,0,0,1.0
1361,14493,24.155,5031,0,0,0,1.0
1362,14503,24.171667,4812,0,0,0,1.0
1363,14513,24.188333,4600,0,0,0,1.0
1364,14523,24.205,4398,0,0,0,1.0
1365,14533,24.221667,4196,0,0,0,1.0
1366,14543,24.238333,4103,0,0,0,1.0
1367,14553,24.255,3949,0,0,0,1.0
1368,14573,24.288333,3804,0,0,0,1.0
1369,14583,24.305,3766,0,0,0,1.0
1370,14593,24.321667,3730,0,0,0,1.0
1371,14603,24.338333,3700,0,0,0,1.0
1372,14613,24.355,3690,0,0,0,1.0
1373,14623,24.371667,3708,0,0,0,1.0
1374,14633,24.388333,3685,0,0,0,1.0
1375,14643,24.405,3662,0,0,0,1.0
1376,14653,24.421667,3661,0,0,0,1.0
1377,14663,24.438333,3660,0,0,0,1.0
1378,14673,24.455,3659,0,0,0,1.0
1379,14683,24.471667,3659,0,0,0,1.0
1380,14703,24.505,3662,0,0,0,1.0
1381,14713,24.521667,3662,0,0,0,1.0
1382,14723,24.538333,3663,0,0,0,1.0
1383,14733,24.555,3663,0,0,0,1.0
1384,14743,24.571667,3662,0,0,0,1.0
1385,14753,24.588333,3662,0,0,0,1.0
1386,14763,24.605,3662,0,0,0,1.0
1387,14773,24.621667,3661,0,0,0,1.0
1388,14783,24.638333,3661,0,0,0,1.0
1389,14793,24.655,3661,0,0,0,1.0
1390,14803,24.671667,3661,0,0,0,1.0
1391,14813,24.688333,3661,0,0,0,1.0
1392,14833,24.721667,3661,0,0,0,1.0
1393,14843,24.738333,3661,0,0,0,1.0
1394,14853,24.755,3661,0,0,0,1.0
1395,14863,24.771667,3661,0,0,0,1.0
1396,14873,24.788333,3661,0,0,0,1.0
1397,14883,24.805,3791,0,0,0,1.0
1398,14893,24.821667,4043,0,0,0,1.0
1399,14903,24.838333,4307,0,0,0,1.0
1400,14923,24.871667,4798,0,0,0,1.0
1401,14933,24.888333,4952,0,0,0,1.0
1402,14943,24.905,5115,0,0,0,1.0
1403,14953,24.921667,5224,0,0,0,1.0
1404,14963,24.938333,5298,0,0,0,1.0
1405,14973,24.955,5342,0,0,0,1.0
1406,14983,24.971667,5346,0,0,0,1.0
1407,14993,24.988333,5372,0,0,0,1.0
1408,15013,25.021667,5394,0,0,0,1.0
1409,15023,25.038333,5436,0,0,0,1.0
1410,15033,25.055,5426,0,0,0,1.0
1411,15043,25.071667,5421,0,0,0,1.0
1412,15053,25.088333,5412,0,0,0,1.0
1413,15063,25.105,5406,0,0,0,1.0
1414,15073,25.121667,5399,0,0,0,1.0
1415,15083,25.138333,5398,0,0,0,1.0
1416,15103,25.171667,5398,0,0,0,1.0
1417,15113,25.188333,5398,0,0,0,1.0
1418,15123,25.205,5398,0,0,0,1.0
1419,15133,25.221667,5398,0,0,0,1.0
1420,15143,25.238333,5398,0,0,0,1.0
1421,15153,25.255,5398,0,0,0,1.0
1422,15163,25.271667,5398,0,0,0,1.0
1423,15173,25.288333,5398,0,0,0,1.0
1424,15193,25.321667,5398,0,0,0,1.0
1425,15203,25.338333,5398,0,0,0,1.0
1426,15213,25.355,5399,0,0,0,1.0
1427,15223,25.371667,5398,0,0,0,1.0
1428,15233,25.388333,5401,0,0,0,1.0
1429,15243,25.405,5403,0,0,0,1.0
1430,15253,25.421667,5403,0,0,0,1.0
1431,15263,25.438333,5403,0,0,0,1.0
1432,15283,25.471667,5400,0,0,0,1.0
1433,15293,25.488333,5418,347,0,0,0.935954
1434,15303,25.505,3240,4946,0,-1,0.344925
1435,15313,25.521667,0,4255,0,1,1.0
1436,15323,25.538333,0,4286,589,1,0.862576
1437,15333,25.555,0,2868,4788,2,0.401003
1438,15343,25.571667,0,18,4485,2,0.995987
1439,15353,25.588333,0,0,4490,2,1.0
1440,15373,25.621667,0,0,4435,2,1.0
1441,15383,25.638333,0,0,4334,2,1.0
1442,15393,25.655,0,0,4194,2,1.0
1443,15403,25.671667,0,0,3977,2,1.0
1444,15413,25.688333,0,0,3788,2,1.0
1445,15423,25.705,0,0,3616,2,1.0
1446,15433,25.721667,0,0,3442,2,1.0
1447,15443,25.738333,0,0,3288,2,1.0
1448,15463,25.771667,0,0,3170,2,1.0
1449,15473,25.788333,0,0,3111,2,1.0
1450,15483,25.805,0,0,3100,2,1.0
1451,15493,25.821667,0,0,3082,2,1.0
1452,15503,25.838333,0,0,3065,2,1.0
1453,15513,25.855,0,0,3062,2,1.0
1454,15523,25.871667,0,0,3077,2,1.0
1455,15533,25.888333,0,0,3059,2,1.0
1456,15553,25.921667,0,0,3092,2,1.0
1457,15563,25.938333,0,0,3035,2,1.0
1458,15573,25.955,0,0,3035,2,1.0
1459,15583,25.971667,0,0,3035,2,1.0
1460,15593,25.988333,0,0,3035,2,1.0
1461,15603,26.005,0,0,3031,2,1.0
1462,15613,26.021667,0,0,3030,2,1.0
1463,15623,26.038333,0,0,3030,2,1.0
1464,15643,26.071667,0,0,3030,2,1.0
1465,15653,26.088333,0,0,3030,2,1.0
1466,15663,26.105,0,0,3030,2,1.0
1467,15673,26.121667,0,0,3030,2,1.0
1468,15683,26.138333,0,0,3030,2,1.0
1469,15693,26.155,0,0,3030,2,1.0
1470,15703,26.171667,0,0,3030,2,1.0
1471,15713,26.188333,0,0,3030,2,1.0
1472,15733,26.221667,0,0,3030,2,1.0
1473,15743,26.238333,0,0,3030,2,1.0
1474,15753,26.255,0,0,3030,2,1.0
1475,15763,26.271667,0,0,3030,2,1.0
1476,15773,26.288333,0,0,3030,2,1.0
1477,15783,26.305,0,0,3030,2,1.0
1478,15793,26.321667,0,0,3030,2,1.0
1479,15803,26.338333,0,0,3030,2,1.0
1480,15823,26.371667,0,0,3030,2,1.0
1481,15833,26.388333,0,0,3030,2,1.0
1482,15843,26.405,0,0,3170,2,1.0
1483,15853,26.421667,0,0,3398,2,1.0
1484,15863,26.438333,0,0,3628,2,1.0
1485,15873,26.455,0,0,3867,2,1.0
1486,15883,26.471667,0,0,4036,2,1.0
1487,15893,26.488333,0,0,4178,2,1.0
1488,15913,26.521667,0,0,4352,2,1.0
1489,15923,26.538333,0,0,4409,2,1.0
1490,15933,26.555,0,0,4464,2,1.0
1491,15943,26.571667,0,0,4556,2,1.0
1492,15953,26.588333,0,0,4640,2,1.0
1493,15963,26.605,0,0,4699,2,1.0
1494,15973,26.621667,0,0,4725,2,1.0
1495,15983,26.638333,0,0,4743,2,1.0
1496,16003,26.671667,0,0,4739,2,1.0
1497,16013,26.688333,0,0,4759,2,1.0
1498,16023,26.705,0,0,4764,2,1.0
1499,16033,26.721667,0,0,4757,2,1.0
1500,16043,26.738333,0,0,4742,2,1.0
1501,16053,26.755,0,0,4729,2,1.0
1502,16063,26.771667,0,0,4682,2,1.0
1503,16073,26.788333,0,0,4643,2,1.0
1504,16093,26.821667,0,0,4579,2,1.0
1505,16103,26.838333,0,0,4532,2,1.0
1506,16113,26.855,0,0,4511,2,1.0
1507,16123,26.871667,0,0,4502,2,1.0
1508,16133,26.888333,0,0,4488,2,1.0
1509,16143,26.905,0,0,4493,2,1.0
1510,16153,26.921667,0,0,4485,2,1.0
1511,16163,26.938333,0,0,4485,2,1.0
1512,16183,26.971667,0,0,4478,2,1.0
1513,16193,26.988333,0,0,4480,2,1.0
1514,16203,27.005,0,0,4480,2,1.0
1515,16213,27.021667,0,0,4480,2,1.0
1516,16223,27.038333,0,0,4448,2,1.0
1517,16233,27.055,0,0,4466,2,1.0
1518,16243,27.071667,0,0,4463,2,1.0
1519,16253,27.088333,0,2844,4740,2,0.4
1520,16273,27.121667,0,4216,0,1,1.0
1521,16283,27.138333,3292,5007,0,-1,0.34252
1522,16293,27.155,5838,2408,0,0,0.58753
1523,16303,27.171667,5353,92,0,0,0.982813
1524,16313,27.188333,5322,0,0,0,1.0
1525,16323,27.205,5265,0,0,0,1.0
1526,16333,27.221667,5205,0,0,0,1.0
1527,16343,27.238333,5072,0,0,0,1.0
1528,16363,27.271667,4642,0,0,0,1.0
1529,16373,27.288333,4440,0,0,0,1.0
1530,16383,27.305,4245,0,0,0,1.0
1531,16393,27.321667,4108,0,0,0,1.0
1532,16403,27.338333,3980,0,0,0,1.0
1533,16413,27.355,3877,0,0,0,1.0
1534,16423,27.371667,3813,0,0,0,1.0
1535,16433,27.388333,3767,0,0,0,1.0
1536,16453,27.421667,3711,0,0,0,1.0
1537,16463,27.438333,3689,0,0,0,1.0
1538,16473,27.455,3695,0,0,0,1.0
1539,16483,27.471667,3694,0,0,0,1.0
1540,16493,27.488333,3665,0,0,0,1.0
1541,16503,27.505,3665,0,0,0,1.0
1542,16513,27.521667,3664,0,0,0,1.0
1543,16523,27.538333,3664,0,0,0,1.0
1544,16543,27.571667,3663,0,0,0,1.0
1545,16553,27.588333,3662,0,0,0,1.0
1546,16563,27.605,3662,0,0,0,1.0
1547,16573,27.621667,3662,0,0,0,1.0
1548,16583,27.638333,3662,0,0,0,1.0
1549,16593,27.655,3662,0,0,0,1.0
1550,16603,27.671667,3662,0,0,0,1.0
1551,16613,27.688333,3662,0,0,0,1.0
1552,16623,27.705,3662,0,0,0,1.0
1553,16633,27.721667,3662,0,0,0,1.0
1554,16643,27.738333,3662,0,0,0,1.0
1555,16653,27.755,3662,0,0,0,1.0
1556,16673,27.788333,3662,0,0,0,1.0
1557,16683,27.805,3662,0,0,0,1.0
1558,16693,27.821667,3662,0,0,0,1.0
1559,16703,27.838333,3662,0,0,0,1.0
1560,16713,27.855,3662,0,0,0,1.0
1561,16723,27.871667,3662,0,0,0,1.0
1562,16733,27.888333,3662,0,0,0,1.0
1563,16743,27.905,3662,0,0,0,1.0
1564,16763,27.938333,3662,0,0,0,1.0
1565,16773,27.955,3662,0,0,0,1.0
1566,16783,27.971667,3662,0,0,0,1.0
1567,16793,27.988333,3662,0,0,0,1.0
1568,16803,28.005,3662,0,0,0,1.0
1569,16813,28.021667,3789,0,0,0,1.0
1570,16823,28.038333,4043,0,0,0,1.0
1571,16833,28.055,4347,0,0,0,1.0
1572,16853,28.088333,4817,0,0,0,1.0
1573,16863,28.105,5001,0,0,0,1.0
1574,16873,28.121667,5138,0,0,0,1.0
1575,16883,28.138333,5267,0,0,0,1.0
1576,16893,28.155,5338,0,0,0,1.0
1577,16903,28.171667,5383,0,0,0,1.0
1578,16913,28.188333,5428,0,0,0,1.0
1579,16923,28.205,5482,0,0,0,1.0
1580,16943,28.238333,5562,0,0,0,1.0
1581,16953,28.255,5632,0,0,0,1.0
1582,16963,28.271667,5652,0,0,0,1.0
1583,16973,28.288333,5653,0,0,0,1.0
1584,16983,28.305,5649,0,0,0,1.0
1585,16993,28.321667,5652,0,0,0,1.0
1586,17003,28.338333,5612,0,0,0,1.0
1587,17013,28.355,5581,0,0,0,1.0
1588,17033,28.388333,5511,0,0,0,1.0
1589,17043,28.405,5483,0,0,0,1.0
1590,17053,28.421667,5457,0,0,0,1.0
1591,17063,28.438333,5439,0,0,0,1.0
1592,17073,28.455,5428,0,0,0,1.0
1593,17083,28.471667,5417,0,0,0,1.0
1594,17093,28.488333,5419,0,0,0,1.0
1595,17103,28.505,5410,0,0,0,1.0
1596,17113,28.521667,5443,459,0,0,0.915672
1597,17123,28.538333,4325,4932,0,-1,0.123074
1598,17133,28.555,0,4268,0,1,1.0
1599,17143,28.571667,0,4352,990,1,0.772518
1600,17163,28.605,0,23,4531,2,0.994924
1601,17173,28.621667,0,0,4512,2,1.0
1602,17183,28.638333,0,0,4496,2,1.0
1603,17193,28.655,0,0,4421,2,1.0
1604,17203,28.671667,0,0,4266,2,1.0
1605,17213,28.688333,0,0,4125,2,1.0
1606,17223,28.705,0,0,3961,2,1.0
1607,17233,28.721667,0,0,3834,2,1.0
1608,17253,28.755,0,0,3592,2,1.0
1609,17263,28.771667,0,0,3426,2,1.0
1610,17273,28.788333,0,0,3320,2,1.0
1611,17283,28.805,0,0,3231,2,1.0
1612,17293,28.821667,0,0,3159,2,1.0
1613,17303,28.838333,0,0,3118,2,1.0
1614,17313,28.855,0,0,3098,2,1.0
1615,17323,28.871667,0,0,3069,2,1.0
1616,17343,28.905,0,0,3087,2,1.0
1617,17353,28.921667,0,0,3056,2,1.0
1618,17363,28.938333,0,0,3056,2,1.0
1619,17373,28.955,0,0,3087,2,1.0
1620,17383,28.971667,0,0,3037,2,1.0
1621,17393,28.988333,0,0,3036,2,1.0
1622,17403,29.005,0,0,3035,2,1.0
1623,17413,29.021667,0,0,3035,2,1.0
1624,17423,29.038333,0,0,3033,2,1.0
1625,17433,29.055,0,0,3029,2,1.0
1626,17443,29.071667,0,0,3029,2,1.0
1627,17453,29.088333,0,0,3029,2,1.0
1628,17473,29.121667,0,0,3029,2,1.0
1629,17483,29.138333,0,0,3029,2,1.0
1630,17493,29.155,0,0,3029,2,1.0
1631,17503,29.171667,0,0,3029,2,1.0
1632,17513,29.188333,0,0,3029,2,1.0
1633,17523,29.205,0,0,3029,2,1.0
1634,17533,29.221667,0,0,3029,2,1.0
1635,17543,29.238333,0,0,3029,2,1.0
1636,17553,29.255,0,0,3169,2,1.0
1637,17563,29.271667,0,0,3432,2,1.0
1638,17573,29.288333,0,0,3628,2,1.0
1639,17583,29.305,0,0,3859,2,1.0
1640,17603,29.338333,0,0,4161,2,1.0
1641,17613,29.355,0,0,4297,2,1.0
1642,17623,29.371667,0,0,4362,2,1.0
1643,17633,29.388333,0,0,4405,2,1.0
1644,17643,29.405,0,0,4453,2,1.0
1645,17653,29.421667,0,0,4466,2,1.0
1646,17663,29.438333,0,0,4479,2,1.0
1647,17673,29.455,0,0,4473,2,1.0
1648,17683,29.471667,0,0,4488,2,1.0
1649,17693,29.488333,0,0,4497,2,1.0
1650,17703,29.505,0,0,4476,2,1.0
1651,17713,29.521667,0,0,4474,2,1.0
1652,17733,29.555,0,0,4477,2,1.0
1653,17742,29.57,0,0,4469,2,1.0
1654,17752,29.586667,0,0,4473,2,1.0
1655,17762,29.603333,0,0,4472,2,1.0
1656,17772,29.62,0,0,4472,2,1.0
1657,17782,29.636667,0,0,4472,2,1.0
1658,17792,29.653333,0,0,4472,2,1.0
1659,17802,29.67,0,0,4471,2,1.0
1660,17822,29.703333,0,0,4472,2,1.0
1661,17832,29.72,0,0,4469,2,1.0
1662,17842,29.736667,0,0,4468,2,1.0
1663,17852,29.753333,0,0,4468,2,1.0
1664,17862,29.77,0,0,4468,2,1.0
1665,17872,29.786667,0,0,4466,2,1.0
1666,17882,29.803333,0,0,4462,2,1.0
1667,17892,29.82,0,0,4462,2,1.0
1668,17912,29.853333,0,0,4470,2,1.0
1669,17922,29.87,0,0,4468,2,1.0
1670,17932,29.886667,0,0,4471,2,1.0
1671,17942,29.903333,0,0,4469,2,1.0
1672,17952,29.92,0,0,4469,2,1.0
1673,17962,29.936667,0,0,4471,2,1.0
1674,17972,29.953333,0,0,4475,2,1.0
1675,17982,29.97,0,0,4477,2,1.0
1676,18002,30.003333,0,0,4470,2,1.0
1677,18012,30.02,0,0,4470,2,1.0
1678,18022,30.036667,0,0,4474,2,1.0
1679,18032,30.053333,0,0,4474,2,1.0
1680,18042,30.07,0,0,4480,2,1.0
1681,18052,30.086667,0,0,4479,2,1.0
1682,18062,30.103333,0,0,4479,2,1.0
1683,18072,30.12,0,0,4479,2,1.0
1684,18092,30.153333,0,0,4479,2,1.0
1685,18102,30.17,0,0,4479,2,1.0
1686,18112,30.186667,0,0,4479,2,1.0
1687,18122,30.203333,0,0,4479,2,1.0
1688,18132,30.22,0,0,4479,2,1.0
1689,18142,30.236667,0,0,4479,2,1.0
1690,18152,30.253333,0,0,4479,2,1.0
1691,18162,30.27,0,0,4479,2,1.0
1692,18182,30.303333,0,0,4479,2,1.0
1693,18192,30.32,0,0,4482,2,1.0
1694,18202,30.336667,0,0,4484,2,1.0
1695,18212,30.353333,0,0,4485,2,1.0
1696,18222,30.37,0,0,4487,2,1.0
1697,18232,30.386667,0,0,4483,2,1.0
1698,18242,30.403333,0,0,4484,2,1.0
1699,18252,30.42,0,0,4489,2,1.0
1700,18272,30.453333,0,0,4487,2,1.0
1701,18282,30.47,0,0,4488,2,1.0
1702,18292,30.486667,0,0,4493,2,1.0
1703,18302,30.503333,0,0,4485,2,1.0
1704,18312,30.52,0,0,4481,2,1.0
1705,18322,30.536667,0,0,4476,2,1.0
1706,18332,30.553333,0,6,4477,2,0.99866
1707,18342,30.57,0,1,4469,2,0.999776
1708,18362,30.603333,0,4,4466,2,0.999104
1709,18372,30.62,0,4,4467,2,0.999105
1710,18382,30.636667,0,5,4467,2,0.998881
1711,18392,30.653333,0,2,4464,2,0.999552
1712,18402,30.67,0,3,4465,2,0.999328
1713,18412,30.686667,0,2,4465,2,0.999552
1714,18422,30.703333,0,5,4465,2,0.99888
1715,18432,30.72,0,5,4465,2,0.99888
1716,18452,30.753333,0,4,4465,2,0.999104
1717,18462,30.77,0,4,4466,2,0.999104
1718,18472,30.786667,0,0,4463,2,1.0
1719,18482,30.803333,0,0,4465,2,1.0
1720,18492,30.82,0,2,4464,2,0.999552
1721,18502,30.836667,0,0,4466,2,1.0
1722,18512,30.853333,0,0,4466,2,1.0
1723,18522,30.87,0,0,4480,2,1.0
1724,18542,30.903333,0,0,4476,2,1.0
1725,18552,30.92,0,0,4465,2,1.0
1726,18562,30.936667,0,0,4473,2,1.0
1727,18572,30.953333,0,0,4476,2,1.0
1728,18582,30.97,0,0,4472,2,1.0
1729,18592,30.986667,0,0,4467,2,1.0
1730,18602,31.003333,0,0,4460,2,1.0
1731,18612,31.02,0,0,4454,2,1.0
1732,18622,31.036667,0,0,4439,2,1.0
1733,18632,31.053333,0,0,4439,2,1.0
1734,18642,31.07,0,0,4445,2,1.0
1735,18652,31.086667,0,0,4453,2,1.0
1736,18672,31.12,0,0,4443,2,1.0
1737,18682,31.136667,0,0,4441,2,1.0
1738,18692,31.153333,0,0,4449,2,1.0
1739,18702,31.17,0,0,4452,2,1.0
1740,18712,31.186667,0,0,4451,2,1.0
1741,18722,31.203333,0,0,4449,2,1.0
1742,18732,31.22,0,0,4452,2,1.0
1743,18742,31.236667,0,0,4455,2,1.0
1744,18762,31.27,0,0,4452,2,1.0
1745,18772,31.286667,0,0,4453,2,1.0
1746,18782,31.303333,0,0,4447,2,1.0
1747,18792,31.32,0,0,4448,2,1.0
1748,18802,31.336667,0,0,4461,2,1.0
1749,18812,31.353333,0,0,4461,2,1.0
1750,18822,31.37,0,0,4456,2,1.0
1751,18832,31.386667,0,0,4465,2,1.0
1752,18852,31.42,0,0,4462,2,1.0
1753,18862,31.436667,0,0,4463,2,1.0
1754,18872,31.453333,0,0,4459,2,1.0
1755,18882,31.47,0,0,4458,2,1.0
1756,18892,31.486667,0,0,4466,2,1.0
1757,18902,31.503333,0,0,4468,2,1.0
1758,18912,31.52,0,0,4457,2,1.0
1759,18922,31.536667,0,4,4464,2,0.999104
1760,18942,31.57,0,0,4480,2,1.0
1761,18952,31.586667,0,0,4423,2,1.0
1762,18962,31.603333,0,2864,4142,-1,0.308547
1763,18972,31.62,0,4224,0,1,1.0
1764,18982,31.636667,25,4273,0,1,0.994149
1765,18992,31.653333,5868,3043,0,0,0.481425
1766,19002,31.67,5373,350,0,0,0.934859
1767,19012,31.686667,5318,0,0,0,1.0
1768,19032,31.72,5199,0,0,0,1.0
1769,19042,31.736667,5118,0,0,0,1.0
1770,19052,31.753333,4983,0,0,0,1.0
1771,19062,31.77,4808,0,0,0,1.0
1772,19072,31.786667,4593,0,0,0,1.0
1773,19082,31.803333,4400,0,0,0,1.0
1774,19092,31.82,4242,0,0,0,1.0
1775,19102,31.836667,4073,0,0,0,1.0
1776,19122,31.87,3871,0,0,0,1.0
1777,19132,31.886667,3806,0,0,0,1.0
1778,19142,31.903333,3771,0,0,0,1.0
1779,19152,31.92,3727,0,0,0,1.0
1780,19162,31.936667,3707,0,0,0,1.0
1781,19172,31.953333,3739,0,0,0,1.0
1782,19182,31.97,3719,0,0,0,1.0
1783,19192,31.986667,3667,0,0,0,1.0
1784,19212,32.02,3663,0,0,0,1.0
1785,19222,32.036667,3663,0,0,0,1.0
1786,19232,32.053333,3663,0,0,0,1.0
1787,19242,32.07,3663,0,0,0,1.0
1788,19262,32.103333,3663,0,0,0,1.0
1789,19272,32.12,3663,0,0,0,1.0
1790,19282,32.136667,3663,0,0,0,1.0
1791,19292,32.153333,3663,0,0,0,1.0
1792,19302,32.17,3663,0,0,0,1.0
1793,19312,32.186667,3663,0,0,0,1.0
1794,19322,32.203333,3663,0,0,0,1.0
1795,19332,32.22,3663,0,0,0,1.0
1796,19352,32.253333,3663,0,0,0,1.0
1797,19362,32.27,3663,0,0,0,1.0
1798,19372,32.286667,3663,0,0,0,1.0
1799,19382,32.303333,3663,0,0,0,1.0
1800,19392,32.32,3663,0,0,0,1.0
1801,19402,32.336667,3663,0,0,0,1.0
1802,19412,32.353333,3663,0,0,0,1.0
1803,19422,32.37,3663,0,0,0,1.0
1804,19442,32.403333,3663,0,0,0,1.0
1805,19452,32.42,3662,0,0,0,1.0
1806,19462,32.436667,3661,0,0,0,1.0
1807,19472,32.453333,3661,0,0,0,1.0
1808,19482,32.47,3661,0,0,0,1.0
1809,19492,32.486667,3661,0,0,0,1.0
1810,19502,32.503333,3792,0,0,0,1.0
1811,19512,32.52,4049,0,0,0,1.0
1812,19532,32.553333,4581,0,0,0,1.0
1813,19542,32.57,4832,0,0,0,1.0
1814,19552,32.586667,4982,0,0,0,1.0
1815,19562,32.603333,5142,0,0,0,1.0
1816,19582,32.636667,5335,0,0,0,1.0
1817,19592,32.653333,5368,0,0,0,1.0
1818,19602,32.67,5412,0,0,0,1.0
1819,19612,32.686667,5480,0,0,0,1.0
1820,19622,32.703333,5535,0,0,0,1.0
1821,19632,32.72,5583,0,0,0,1.0
1822,19642,32.736667,5627,0,0,0,1.0
1823,19652,32.753333,5667,0,0,0,1.0
1824,19672,32.786667,5662,0,0,0,1.0
1825,19682,32.803333,5640,0,0,0,1.0
1826,19692,32.82,5609,0,0,0,1.0
1827,19702,32.836667,5593,0,0,0,1.0
1828,19712,32.853333,5561,0,0,0,1.0
1829,19722,32.87,5513,0,0,0,1.0
1830,19732,32.886667,5488,0,0,0,1.0
1831,19742,32.903333,5464,0,0,0,1.0
1832,19762,32.936667,5418,0,0,0,1.0
1833,19772,32.953333,5409,0,0,0,1.0
1834,19782,32.97,5406,0,0,0,1.0
1835,19792,32.986667,5407,0,0,0,1.0
1836,19802,33.003333,5405,0,0,0,1.0
1837,19812,33.02,5405,0,0,0,1.0
1838,19822,33.036667,5405,0,0,0,1.0
1839,19832,33.053333,5405,0,0,0,1.0
1840,19852,33.086667,5451,421,0,0,0.922766
1841,19862,33.103333,5397,0,0,0,1.0
1842,19872,33.12,5400,0,0,0,1.0
1843,19882,33.136667,5408,65,0,0,0.987981
1844,19892,33.153333,4542,3287,0,-1,0.27631
1845,19902,33.17,0,4262,0,1,1.0
1846,19912,33.186667,0,4262,551,1,0.870718
1847,19922,33.203333,0,2881,4333,-1,0.335103
1848,19932,33.22,0,21,4522,2,0.995356
1849,19942,33.236667,0,0,4496,2,1.0
1850,19952,33.253333,0,0,4477,2,1.0
1851,19962,33.27,0,0,4440,2,1.0
1852,19982,33.303333,0,0,4171,2,1.0
1853,19992,33.32,0,0,3951,2,1.0
1854,20002,33.336667,0,0,3803,2,1.0
1855,20012,33.353333,0,0,3634,2,1.0
1856,20022,33.37,0,0,3439,2,1.0
1857,20032,33.386667,0,0,3298,2,1.0
1858,20042,33.403333,0,0,3223,2,1.0
1859,20052,33.42,0,0,3179,2,1.0
1860,20062,33.436667,0,0,3114,2,1.0
1861,20072,33.453333,0,0,3126,2,1.0
1862,20082,33.47,0,0,3105,2,1.0
1863,20092,33.486667,0,0,3069,2,1.0
1864,20112,33.52,0,0,3085,2,1.0
1865,20122,33.536667,0,0,3058,2,1.0
1866,20132,33.553333,0,0,3048,2,1.0
1867,20142,33.57,0,0,3078,2,1.0
1868,20152,33.586667,0,0,3037,2,1.0
1869,20162,33.603333,0,0,3035,2,1.0
1870,20172,33.62,0,0,3037,2,1.0
1871,20182,33.636667,0,0,3035,2,1.0
1872,20202,33.67,0,0,3032,2,1.0
1873,20212,33.686667,0,0,3032,2,1.0
1874,20222,33.703333,0,0,3032,2,1.0
1875,20232,33.72,0,0,3032,2,1.0
1876,20242,33.736667,0,0,3032,2,1.0
1877,20252,33.753333,0,0,3032,2,1.0
1878,20262,33.77,0,0,3031,2,1.0
1879,20272,33.786667,0,0,3030,2,1.0
1880,20292,33.82,0,0,3030,2,1.0
1881,20302,33.836667,0,0,3030,2,1.0
1882,20312,33.853333,0,0,3030,2,1.0
1883,20322,33.87,0,0,3030,2,1.0
1884,20332,33.886667,0,0,3030,2,1.0
1885,20342,33.903333,0,0,3030,2,1.0
1886,20352,33.92,0,0,3030,2,1.0
1887,20362,33.936667,0,0,3030,2,1.0
1888,20382,33.97,0,0,3402,2,1.0
1889,20392,33.986667,0,0,3582,2,1.0
1890,20402,34.003333,0,0,3850,2,1.0
1891,20412,34.02,0,0,4049,2,1.0
1892,20422,34.036667,0,0,4215,2,1.0
1893,20432,34.053333,0,0,4287,2,1.0
1894,20442,34.07,0,0,4360,2,1.0
1895,20452,34.086667,0,0,4422,2,1.0
1896,20472,34.12,0,0,4455,2,1.0
1897,20482,34.136667,0,0,4455,2,1.0
1898,20492,34.153333,0,0,4469,2,1.0
1899,20502,34.17,0,0,4486,2,1.0
1900,20512,34.186667,0,0,4482,2,1.0
1901,20522,34.203333,0,0,4478,2,1.0
1902,20532,34.22,0,0,4465,2,1.0
1903,20542,34.236667,0,0,4466,2,1.0
1904,20562,34.27,0,0,4473,2,1.0
1905,20572,34.286667,0,0,4472,2,1.0
1906,20582,34.303333,0,0,4467,2,1.0
1907,20592,34.32,0,0,4467,2,1.0
1908,20602,34.336667,0,0,4474,2,1.0
1909,20612,34.353333,0,0,4475,2,1.0
1910,20622,34.37,0,0,4479,2,1.0
1911,20632,34.386667,0,0,4477,2,1.0
1912,20652,34.42,0,0,4482,2,1.0
1913,20662,34.436667,0,0,4482,2,1.0
1914,20672,34.453333,0,0,4483,2,1.0
1915,20682,34.47,0,0,4479,2,1.0
1916,20692,34.486667,0,0,4475,2,1.0
1917,20702,34.503333,0,0,4475,2,1.0
1918,20712,34.52,0,0,4472,2,1.0
1919,20722,34.536667,0,0,4478,2,1.0
1920,20732,34.553333,0,0,4479,2,1.0
1921,20742,34.57,0,0,4477,2,1.0
1922,20752,34.586667,0,0,4477,2,1.0
1923,20762,34.603333,0,0,4481,2,1.0
1924,20782,34.636667,0,0,4481,2,1.0
1925,20792,34.653333,0,0,4434,2,1.0
1926,20802,34.67,0,2765,3648,-1,0.24205
1927,20812,34.686667,0,4352,413,1,0.905101
1928,20822,34.703333,0,4261,0,1,1.0
1929,20832,34.72,0,4246,0,1,1.0
1930,20842,34.736667,0,4215,0,1,1.0
1931,20852,34.753333,826,4170,0,1,0.801918
1932,20872,34.786667,6028,2726,0,0,0.547777
1933,20882,34.803333,5729,3009,0,0,0.474777
1934,20892,34.82,5277,1820,0,0,0.655107
1935,20902,34.836667,5116,382,0,0,0.925332
1936,20912,34.853333,3726,0,0,0,1.0
1937,20922,34.87,4910,0,0,0,1.0
1938,20932,34.886667,4720,0,0,0,1.0
1939,20942,34.903333,4538,0,0,0,1.0
1940,20952,34.92,4350,0,0,0,1.0
1941,20962,34.936667,4181,0,0,0,1.0
1942,20972,34.953333,4058,0,0,0,1.0
1943,20982,34.97,3976,0,0,0,1.0
1944,21002,35.003333,3827,0,0,0,1.0
1945,21012,35.02,3791,0,0,0,1.0
1946,21022,35.036667,3762,0,0,0,1.0
1947,21032,35.053333,3731,0,0,0,1.0
1948,21042,35.07,3711,0,0,0,1.0
1949,21052,35.086667,3691,0,0,0,1.0
1950,21062,35.103333,3665,0,0,0,1.0
1951,21072,35.12,3665,0,0,0,1.0
1952,21082,35.136667,3664,0,0,0,1.0
1953,21092,35.153333,3662,0,0,0,1.0
1954,21102,35.17,3661,0,0,0,1.0
1955,21112,35.186667,3661,0,0,0,1.0
1956,21132,35.22,3661,0,0,0,1.0
1957,21142,35.236667,3661,0,0,0,1.0
1958,21152,35.253333,3661,0,0,0,1.0
1959,21162,35.27,3661,0,0,0,1.0
1960,21172,35.286667,3661,0,0,0,1.0
1961,21182,35.303333,3661,0,0,0,1.0
1962,21192,35.32,3661,0,0,0,1.0
1963,21202,35.336667,3661,0,0,0,1.0
1964,21212,35.353333,3661,0,0,0,1.0
1965,21222,35.37,3661,0,0,0,1.0
1966,21232,35.386667,3661,0,0,0,1.0
1967,21242,35.403333,3661,0,0,0,1.0
1968,21262,35.436667,3661,0,0,0,1.0
1969,21272,35.453333,3661,0,0,0,1.0
1970,21282,35.47,3661,0,0,0,1.0
1971,21292,35.486667,3661,0,0,0,1.0
1972,21302,35.503333,3661,0,0,0,1.0
1973,21312,35.52,3662,0,0,0,1.0
1974,21322,35.536667,3663,0,0,0,1.0
1975,21332,35.553333,3663,0,0,0,1.0
1976,21342,35.57,3663,0,0,0,1.0
1977,21352,35.586667,3663,0,0,0,1.0
1978,21362,35.603333,3663,0,0,0,1.0
1979,21372,35.62,3663,0,0,0,1.0
1980,21392,35.653333,3663,0,0,0,1.0
1981,21402,35.67,3663,0,0,0,1.0
1982,21412,35.686667,3663,0,0,0,1.0
1983,21422,35.703333,3663,0,0,0,1.0
1984,21432,35.72,3663,0,0,0,1.0
1985,21442,35.736667,3663,0,0,0,1.0
1986,21452,35.753333,3663,0,0,0,1.0
1987,21462,35.77,3663,0,0,0,1.0
1988,21472,35.786667,3663,0,0,0,1.0
1989,21482,35.803333,3663,0,0,0,1.0
1990,21492,35.82,3663,0,0,0,1.0
1991,21502,35.836667,3663,0,0,0,1.0
1992,21522,35.87,3663,0,0,0,1.0
