2293038761,0,0,998.0,194.0
2293038769,8,2,998.0,194.0
2293038777,16,2,998.0,194.0
2293038785,24,2,998.0,194.0
2293038793,32,2,998.0,194.0
2293038801,40,2,998.0,194.0
2293038809,48,2,998.0,194.0
2293038817,56,2,998.0,194.0
2293038825,64,2,998.0,194.0
2293038834,72,2,998.0,194.0
2293038841,80,2,998.0,194.0
2293038850,88,2,998.0,194.0
2293038857,96,2,998.0,194.0
2293038865,104,2,998.0,194.0
2293038873,112,2,998.0,194.0
2293038881,120,2,998.0,194.0
2293038890,128,2,998.0,194.0
2293038897,136,2,998.0,194.0
2293038905,144,2,998.0,194.0
2293038913,152,2,998.0,194.0
2293038921,160,2,998.0,194.0
2293038930,168,2,998.0,194.0
2293038937,176,2,998.0,194.0
2293038945,184,2,998.0,194.0
2293038953,192,2,998.0,194.0
2293038961,200,2,998.0,194.0
2293038969,208,2,998.0,194.0
2293038977,216,2,998.0,194.0
2293038985,224,2,998.0,194.0
2293038994,232,2,998.0,194.0
2293039001,240,2,998.0,194.0
2293039009,248,2,998.0,194.0
2293039017,256,2,998.0,194.0
2293039025,264,2,998.0,194.0
2293039033,272,2,998.0,194.0
2293039041,280,2,998.0,194.0
2293039050,288,2,998.0,194.0
2293039058,296,2,998.0,194.0
2293039065,304,2,998.0,194.0
2293039074,312,2,998.0,194.0
2293039081,320,2,998.0,194.0
2293039089,328,2,998.0,194.0
2293039098,336,2,998.0,194.0
2293039105,344,2,998.0,194.0
2293039114,352,2,998.0,194.0
2293039121,360,2,998.0,194.0
2293039129,368,2,998.0,194.0
2293039137,376,2,998.0,194.0
2293039145,384,2,998.0,194.0
2293039153,392,2,998.0,194.0
2293039162,400,2,998.0,194.0
2293039169,408,2,986.6057142857143,219.2
2293039177,416,2,975.2114285714285,244.4
2293039186,424,2,963.8171428571428,269.6
2293039193,432,2,952.4228571428571,294.8
2293039201,440,2,941.0285714285715,320.0
2293039209,448,2,929.6342857142857,345.20000000000005
2293039218,456,2,918.24,370.4
2293039226,464,2,906.8457142857143,395.6
2293039233,472,2,895.4514285714286,420.79999999999995
2293039241,480,2,884.0571428571428,446.0
2293039250,488,2,872.6628571428571,471.20000000000005
2293039257,496,2,861.2685714285715,496.40000000000003
2293039266,504,2,849.8742857142857,521.6
2293039273,512,2,838.48,546.8
2293039281,520,2,827.0857142857143,572.0
2293039289,528,2,815.6914285714286,597.2
2293039298,536,2,804.2971428571428,622.4
2293039305,544,2,792.9028571428571,647.5999999999999
2293039314,552,2,781.5085714285715,672.8
2293039321,560,2,770.1142857142858,698.0
2293039329,568,2,758.72,723.1999999999999
2293039337,576,2,747.3257142857143,748.4000000000001
2293039345,584,2,735.9314285714286,773.6
2293039353,592,2,724.5371428571428,798.8000000000001
2293039362,600,2,713.1428571428571,824.0
2293039369,608,2,701.7485714285715,849.2
2293039377,616,2,690.3542857142857,874.4
2293039385,624,2,678.96,899.6
2293039393,632,2,667.5657142857143,924.8
2293039402,640,2,656.1714285714286,950.0
2293039409,648,2,644.777142857143,975.1999999999999
2293039417,656,2,633.3828571428571,1000.4
2293039425,664,2,621.9885714285714,1025.6
2293039434,672,2,610.5942857142857,1050.8
2293039441,680,2,599.2,1076.0
2293039449,688,2,587.8057142857143,1101.1999999999998
2293039458,696,2,576.4114285714286,1126.4
2293039465,704,2,565.0171428571429,1151.6
2293039473,712,2,553.6228571428571,1176.8000000000002
2293039482,720,2,542.2285714285715,1202.0
2293039489,728,2,530.8342857142857,1227.2
2293039497,736,2,519.44,1252.3999999999999
2293039505,744,2,508.04571428571427,1277.6
2293039513,752,2,496.65142857142854,1302.8000000000002
2293039521,760,2,485.25714285714287,1328.0
2293039529,768,2,473.86285714285714,1353.2
2293039538,776,2,462.4685714285714,1378.4
2293039545,784,2,451.0742857142857,1403.6000000000001
2293039554,792,2,439.67999999999995,1428.8000000000002
2293039561,800,2,428.28571428571433,1454.0
2293039570,808,2,416.8914285714286,1479.2
2293039578,816,2,405.4971428571429,1504.4
2293039585,824,2,394.10285714285715,1529.6000000000001
2293039594,832,2,382.7085714285714,1554.8
2293039601,840,2,371.3142857142857,1580.0
2293039610,848,2,359.91999999999996,1605.2
2293039618,856,2,348.52571428571423,1630.4
2293039626,864,2,337.1314285714286,1655.6
2293039633,872,2,325.7371428571429,1680.8
2293039641,880,2,314.34285714285716,1706.0
2293039649,888,2,302.9485714285714,1731.2
2293039657,896,2,291.5542857142858,1756.3999999999999
2293039665,904,2,280.1600000000001,1781.6
2293039673,912,2,268.76571428571424,1806.8
2293039681,920,2,257.3714285714285,1832.0
2293039689,928,2,245.97714285714278,1857.2
2293039697,936,2,234.58285714285716,1882.3999999999999
2293039707,944,2,223.18857142857144,1907.6
2293039714,952,2,211.7942857142857,1932.8
2293039722,960,2,200.39999999999998,1958.0
2293039729,968,2,189.00571428571436,1983.1999999999998
2293039738,976,2,177.61142857142863,2008.3999999999999
2293039745,984,2,166.2171428571428,2033.6000000000001
2293039753,992,2,154.82285714285706,2058.8
2293039762,1000,2,143.42857142857144,2084.0
2293039770,1008,2,132.03428571428572,2109.2
2293039778,1016,2,120.63999999999999,2134.4
2293039785,1024,2,109.24571428571426,2159.6000000000004
2293039793,1032,2,97.85142857142864,2184.8
2293039801,1040,2,86.45714285714291,2210.0
2293039809,1048,2,75.06285714285718,2235.2
2293039818,1056,2,63.668571428571454,2260.4
2293039825,1064,2,52.27428571428561,2285.6
2293039834,1072,2,40.879999999999995,2310.7999999999997
2293039842,1080,2,29.485714285714266,2336.0
2293039849,1088,2,18.091428571428537,2361.2
2293039857,1096,2,6.697142857142808,2386.4
2293039861,1100,2,1,2399
2293039869,1108,2,1.0,2399.0
2293039877,1116,2,1.0,2399.0
2293039885,1124,2,1.0,2399.0
2293039894,1132,2,1.0,2399.0
2293039901,1140,2,1.0,2399.0
2293039909,1148,2,1.0,2399.0
2293039917,1156,2,1.0,2399.0
2293039925,1164,2,1.0,2399.0
2293039934,1172,2,1.0,2399.0
2293039941,1180,2,1.0,2399.0
2293039950,1188,2,1.0,2399.0
2293039957,1196,2,1.0,2399.0
2293039965,1204,2,1.0,2399.0
2293039973,1212,2,1.0,2399.0
2293039981,1220,2,1.0,2399.0
2293039989,1228,2,1.0,2399.0
2293039998,1236,2,1.0,2399.0
2293040005,1244,2,1.0,2399.0
2293040013,1252,2,1.0,2399.0
2293040021,1260,2,1.0,2399.0
2293040030,1268,2,1.0,2399.0
2293040037,1276,2,1.0,2399.0
2293040045,1284,2,1.0,2399.0
2293040053,1292,2,1.0,2399.0
2293040061,1300,2,1.0,2399.0
2293040070,1308,2,1.0,2399.0
2293040077,1316,2,1.0,2399.0
2293040086,1324,2,1.0,2399.0
2293040094,1332,2,1.0,2399.0
2293040101,1340,2,1.0,2399.0
2293040111,1348,2,1.0,2399.0
2293040117,1356,2,1.0,2399.0
2293040126,1364,2,1.0,2399.0
2293040133,1372,2,1.0,2399.0
2293040142,1380,2,1.0,2399.0
2293040151,1388,2,1.0,2399.0
2293040158,1396,2,1.0,2399.0
2293040165,1404,2,1.0,2399.0
2293040173,1412,2,1.0,2399.0
2293040182,1420,2,1.0,2399.0
2293040189,1428,2,1.0,2399.0
2293040197,1436,2,1.0,2399.0
2293040205,1444,2,1.0,2399.0
2293040213,1452,2,1.0,2399.0
2293040221,1460,2,1.0,2399.0
2293040230,1468,2,1.0,2399.0
2293040237,1476,2,1.0,2399.0
2293040245,1484,2,1.0,2399.0
2293040253,1492,2,1.0,2399.0
2293040261,1500,2,1.0,2399.0
2293040269,1508,2,1.0,2399.0
2293040277,1516,2,1.0,2399.0
2293040285,1524,2,1.0,2399.0
2293040293,1532,2,1.0,2399.0
2293040301,1540,2,1.0,2399.0
2293040309,1548,2,1.0,2399.0
2293040317,1556,2,1.0,2399.0
2293040325,1564,2,1.0,2399.0
2293040333,1572,2,1.0,2399.0
2293040341,1580,2,1.0,2399.0
2293040349,1588,2,1.0,2399.0
2293040358,1596,2,1.0,2399.0
2293040367,1604,2,1.0,2399.0
2293040373,1612,2,1.0,2399.0
2293040382,1620,2,1.0,2399.0
2293040389,1628,2,1.0,2399.0
2293040397,1636,2,1.0,2399.0
2293040405,1644,2,1.0,2399.0
2293040413,1652,2,1.0,2399.0
2293040421,1660,2,1.0,2399.0
2293040429,1668,2,1.0,2399.0
2293040437,1676,2,1.0,2399.0
2293040445,1684,2,1.0,2399.0
2293040453,1692,2,1.0,2399.0
2293040461,1700,2,1.0,2399.0
2293040470,1708,2,1.0,2399.0
2293040477,1716,2,1.0,2399.0
2293040486,1724,2,1.0,2399.0
2293040494,1732,2,1.0,2399.0
2293040502,1740,2,1.0,2399.0
2293040510,1748,2,1.0,2399.0
2293040517,1756,2,1.0,2399.0
2293040525,1764,2,1.0,2399.0
2293040534,1772,2,1.0,2399.0
2293040542,1780,2,1.0,2399.0
2293040549,1788,2,1.0,2399.0
2293040557,1796,2,1.0,2399.0
2293040561,1800,2,1,2399
2293040570,1808,2,13.32,2371.594285714286
2293040578,1816,2,25.64,2344.1885714285713
2293040586,1824,2,37.96,2316.782857142857
2293040594,1832,2,50.28,2289.3771428571426
2293040601,1840,2,62.6,2261.9714285714285
2293040609,1848,2,74.92,2234.5657142857144
2293040617,1856,2,87.24,2207.16
2293040625,1864,2,99.56,2179.7542857142857
2293040634,1872,2,111.88,2152.3485714285716
2293040642,1880,2,124.2,2124.942857142857
2293040649,1888,2,136.52,2097.537142857143
2293040659,1896,2,148.84,2070.1314285714284
2293040665,1904,2,161.16,2042.7257142857143
2293040674,1912,2,173.48,2015.32
2293040681,1920,2,185.8,1987.9142857142856
2293040689,1928,2,198.12,1960.5085714285715
2293040698,1936,2,210.44,1933.1028571428571
2293040705,1944,2,222.76,1905.6971428571428
2293040713,1952,2,235.07999999999998,1878.2914285714287
2293040722,1960,2,247.4,1850.8857142857144
2293040729,1968,2,259.71999999999997,1823.48
2293040737,1976,2,272.04,1796.0742857142857
2293040746,1984,2,284.36,1768.6685714285713
2293040753,1992,2,296.68,1741.2628571428572
2293040762,2000,2,309.0,1713.857142857143
2293040769,2008,2,321.32,1686.4514285714286
2293040778,2016,2,333.64,1659.0457142857144
2293040785,2024,2,345.96,1631.6399999999999
2293040793,2032,2,358.28,1604.2342857142858
2293040802,2040,2,370.6,1576.8285714285714
2293040809,2048,2,382.91999999999996,1549.422857142857
2293040818,2056,2,395.24,1522.017142857143
2293040826,2064,2,407.56,1494.6114285714284
2293040834,2072,2,419.88,1467.2057142857143
2293040842,2080,2,432.20000000000005,1439.8
2293040849,2088,2,444.52,1412.3942857142856
2293040857,2096,2,456.84000000000003,1384.9885714285715
2293040866,2104,2,469.15999999999997,1357.5828571428572
2293040873,2112,2,481.48,1330.1771428571428
2293040881,2120,2,493.8,1302.7714285714287
2293040889,2128,2,506.12,1275.3657142857141
2293040898,2136,2,518.4399999999999,1247.96
2293040905,2144,2,530.76,1220.5542857142857
2293040913,2152,2,543.08,1193.1485714285714
2293040921,2160,2,555.4,1165.7428571428572
2293040930,2168,2,567.72,1138.337142857143
2293040937,2176,2,580.04,1110.9314285714286
2293040945,2184,2,592.36,1083.5257142857142
2293040953,2192,2,604.6800000000001,1056.12
2293040961,2200,2,617.0,1028.7142857142858
2293040969,2208,2,629.32,1001.3085714285714
2293040977,2216,2,641.64,973.9028571428571
2293040986,2224,2,653.96,946.4971428571428
2293040993,2232,2,666.28,919.0914285714287
2293041002,2240,2,678.6,891.6857142857143
2293041009,2248,2,690.92,864.28
2293041017,2256,2,703.24,836.8742857142856
2293041025,2264,2,715.56,809.4685714285715
2293041033,2272,2,727.88,782.0628571428572
2293041042,2280,2,740.2,754.6571428571428
2293041050,2288,2,752.52,727.2514285714285
2293041057,2296,2,764.8399999999999,699.8457142857144
2293041065,2304,2,777.16,672.44
2293041073,2312,2,789.48,645.0342857142857
2293041081,2320,2,801.8000000000001,617.6285714285714
2293041090,2328,2,814.12,590.222857142857
2293041097,2336,2,826.4399999999999,562.8171428571429
2293041106,2344,2,838.76,535.4114285714286
2293041113,2352,2,851.08,508.00571428571425
2293041121,2360,2,863.4000000000001,480.5999999999999
2293041129,2368,2,875.7199999999999,453.1942857142858
2293041137,2376,2,888.04,425.78857142857146
2293041146,2384,2,900.36,398.3828571428571
2293041154,2392,2,912.6800000000001,370.9771428571428
2293041161,2400,2,925.0,343.5714285714289
2293041169,2408,2,937.3199999999999,316.16571428571433
2293041177,2416,2,949.64,288.75999999999976
2293041186,2424,2,961.96,261.35428571428565
2293041193,2432,2,974.28,233.94857142857154
2293041201,2440,2,986.6,206.54285714285743
2293041209,2448,2,998.92,179.13714285714286
2293041217,2456,2,1011.24,151.7314285714283
2293041225,2464,2,1023.5600000000001,124.32571428571418
2293041233,2472,2,1035.8799999999999,96.92000000000007
2293041241,2480,2,1048.2,69.51428571428596
2293041249,2488,2,1060.52,42.108571428571395
2293041257,2496,2,1072.8400000000001,14.702857142856828
2293041261,2500,2,1079,1
2293041269,2508,2,1079.0,1.0
2293041278,2516,2,1079.0,1.0
2293041285,2524,2,1079.0,1.0
2293041294,2532,2,1079.0,1.0
2293041301,2540,2,1079.0,1.0
2293041309,2548,2,1079.0,1.0
2293041318,2556,2,1079.0,1.0
2293041325,2564,2,1079.0,1.0
2293041334,2572,2,1079.0,1.0
2293041342,2580,2,1079.0,1.0
2293041349,2588,2,1079.0,1.0
2293041357,2596,2,1079.0,1.0
2293041365,2604,2,1079.0,1.0
2293041374,2612,2,1079.0,1.0
2293041381,2620,2,1079.0,1.0
2293041389,2628,2,1079.0,1.0
2293041397,2636,2,1079.0,1.0
2293041405,2644,2,1079.0,1.0
2293041414,2652,2,1079.0,1.0
2293041422,2660,2,1079.0,1.0
2293041431,2668,2,1079.0,1.0
2293041437,2676,2,1079.0,1.0
2293041445,2684,2,1079.0,1.0
2293041453,2692,2,1079.0,1.0
2293041463,2700,2,1079.0,1.0
2293041469,2708,2,1079.0,1.0
2293041477,2716,2,1079.0,1.0
2293041487,2724,2,1079.0,1.0
2293041493,2732,2,1079.0,1.0
2293041501,2740,2,1079.0,1.0
2293041509,2748,2,1079.0,1.0
2293041518,2756,2,1079.0,1.0
2293041525,2764,2,1079.0,1.0
2293041534,2772,2,1079.0,1.0
2293041541,2780,2,1079.0,1.0
2293041549,2788,2,1079.0,1.0
2293041557,2796,2,1079.0,1.0
2293041565,2804,2,1079.0,1.0
2293041574,2812,2,1079.0,1.0
2293041582,2820,2,1079.0,1.0
2293041589,2828,2,1079.0,1.0
2293041597,2836,2,1079.0,1.0
2293041605,2844,2,1079.0,1.0
2293041613,2852,2,1079.0,1.0
2293041622,2860,2,1079.0,1.0
2293041630,2868,2,1079.0,1.0
2293041637,2876,2,1079.0,1.0
2293041645,2884,2,1079.0,1.0
2293041653,2892,2,1079.0,1.0
2293041661,2900,2,1079.0,1.0
2293041669,2908,2,1079.0,1.0
2293041677,2916,2,1079.0,1.0
2293041685,2924,2,1079.0,1.0
2293041693,2932,2,1079.0,1.0
2293041701,2940,2,1079.0,1.0
2293041710,2948,2,1079.0,1.0
2293041718,2956,2,1079.0,1.0
2293041725,2964,2,1079.0,1.0
2293041734,2972,2,1079.0,1.0
2293041741,2980,2,1079.0,1.0
2293041749,2988,2,1079.0,1.0
2293041758,2996,2,1079.0,1.0
2293041766,3004,2,1079.0,1.0
2293041774,3012,2,1079.0,1.0
2293041782,3020,2,1079.0,1.0
2293041790,3028,2,1079.0,1.0
2293041797,3036,2,1079.0,1.0
2293041805,3044,2,1079.0,1.0
2293041814,3052,2,1079.0,1.0
2293041821,3060,2,1079.0,1.0
2293041830,3068,2,1079.0,1.0
2293041837,3076,2,1079.0,1.0
2293041846,3084,2,1079.0,1.0
2293041854,3092,2,1079.0,1.0
2293041862,3100,2,1079.0,1.0
2293041869,3108,2,1079.0,1.0
2293041877,3116,2,1079.0,1.0
2293041885,3124,2,1079.0,1.0
2293041894,3132,2,1079.0,1.0
2293041901,3140,2,1079.0,1.0
2293041910,3148,2,1079.0,1.0
2293041917,3156,2,1079.0,1.0
2293041925,3164,2,1079.0,1.0
2293041933,3172,2,1079.0,1.0
2293041941,3180,2,1079.0,1.0
2293041950,3188,2,1079.0,1.0
2293041958,3196,2,1079.0,1.0
2293041961,3200,2,1079,1
2293041969,3208,2,1077.92,3.5733333333333337
2293041978,3216,2,1076.84,6.146666666666667
2293041985,3224,2,1075.76,8.719999999999999
2293042009,3232,2,1074.68,11.293333333333335
2293042012,3240,2,1073.6,13.866666666666667
2293042015,3248,2,1072.52,16.439999999999998
2293042017,3256,2,1071.44,19.013333333333335
2293042026,3264,2,1070.36,21.58666666666667
2293042033,3272,2,1069.28,24.16
2293042041,3280,2,1068.2,26.733333333333334
2293042050,3288,2,1067.12,29.30666666666667
2293042057,3296,2,1066.04,31.88
2293042065,3304,2,1064.96,34.45333333333333
2293042073,3312,2,1063.88,37.02666666666667
2293042081,3320,2,1062.8,39.6
2293042089,3328,2,1061.72,42.17333333333334
2293042097,3336,2,1060.64,44.74666666666666
2293042106,3344,2,1059.56,47.32
2293042113,3352,2,1058.48,49.89333333333334
2293042121,3360,2,1057.4,52.46666666666667
2293042130,3368,2,1056.32,55.040000000000006
2293042139,3376,2,1055.24,57.61333333333334
2293042145,3384,2,1054.16,60.18666666666666
2293042154,3392,2,1053.08,62.76
2293042161,3400,2,1052.0,65.33333333333333
2293042170,3408,2,1050.92,67.90666666666667
2293042177,3416,2,1049.84,70.48
2293042185,3424,2,1048.76,73.05333333333334
2293042193,3432,2,1047.68,75.62666666666667
2293042201,3440,2,1046.6,78.2
2293042209,3448,2,1045.52,80.77333333333333
2293042218,3456,2,1044.44,83.34666666666668
2293042225,3464,2,1043.36,85.92
2293042233,3472,2,1042.28,88.49333333333333
2293042241,3480,2,1041.2,91.06666666666666
2293042249,3488,2,1040.12,93.64
2293042258,3496,2,1039.04,96.21333333333334
2293042265,3504,2,1037.96,98.78666666666668
2293042274,3512,2,1036.88,101.36
2293042282,3520,2,1035.8,103.93333333333334
2293042289,3528,2,1034.72,106.50666666666666
2293042297,3536,2,1033.64,109.08000000000001
2293042305,3544,2,1032.56,111.65333333333334
2293042313,3552,2,1031.48,114.22666666666667
2293042321,3560,2,1030.4,116.8
2293042330,3568,2,1029.32,119.37333333333332
2293042337,3576,2,1028.24,121.94666666666667
2293042345,3584,2,1027.16,124.52
2293042353,3592,2,1026.08,127.09333333333333
2293042361,3600,2,1025.0,129.66666666666666
2293042369,3608,2,1023.92,132.24
2293042377,3616,2,1022.84,134.81333333333333
2293042385,3624,2,1021.76,137.38666666666666
2293042393,3632,2,1020.68,139.96
2293042401,3640,2,1019.6,142.53333333333333
2293042410,3648,2,1018.52,145.10666666666668
2293042417,3656,2,1017.44,147.68
2293042425,3664,2,1016.36,150.25333333333333
2293042435,3672,2,1015.28,152.82666666666665
2293042441,3680,2,1014.2,155.4
2293042449,3688,2,1013.12,157.97333333333333
2293042457,3696,2,1012.04,160.54666666666665
2293042465,3704,2,1010.96,163.12
2293042473,3712,2,1009.88,165.69333333333336
2293042481,3720,2,1008.8,168.26666666666668
2293042489,3728,2,1007.72,170.84
2293042497,3736,2,1006.64,173.41333333333333
2293042505,3744,2,1005.56,175.98666666666665
2293042513,3752,2,1004.48,178.56
2293042521,3760,2,1003.4,181.13333333333333
2293042529,3768,2,1002.32,183.70666666666668
2293042537,3776,2,1001.24,186.28
2293042545,3784,2,1000.16,188.85333333333335
2293042553,3792,2,999.08,191.42666666666668
2293042561,3800,2,998.0,194.0
2293042569,3808,3,998.0,194.0
