0,0,998.0,194.0
8,2,998.0,194.0
16,2,998.0,194.0
24,2,998.0,194.0
32,2,998.0,194.0
40,2,998.0,194.0
48,2,998.0,194.0
56,2,998.0,194.0
64,2,998.0,194.0
72,2,998.0,194.0
80,2,998.0,194.0
88,2,998.0,194.0
96,2,998.0,194.0
104,2,998.0,194.0
112,2,998.0,194.0
120,2,998.0,194.0
128,2,998.0,194.0
136,2,998.0,194.0
144,2,998.0,194.0
152,2,998.0,194.0
160,2,998.0,194.0
168,2,998.0,194.0
176,2,998.0,194.0
184,2,998.0,194.0
192,2,998.0,194.0
200,2,998.0,194.0
208,2,998.0,194.0
216,2,998.0,194.0
224,2,998.0,194.0
232,2,998.0,194.0
240,2,998.0,194.0
248,2,998.0,194.0
256,2,998.0,194.0
264,2,998.0,194.0
272,2,998.0,194.0
280,2,998.0,194.0
288,2,998.0,194.0
296,2,998.0,194.0
304,2,998.0,194.0
312,2,998.0,194.0
320,2,998.0,194.0
328,2,998.0,194.0
336,2,998.0,194.0
344,2,998.0,194.0
352,2,998.0,194.0
360,2,998.0,194.0
368,2,998.0,194.0
376,2,998.0,194.0
384,2,998.0,194.0
392,2,998.0,194.0
400,2,998.0,194.0
408,2,986.6057142857143,219.2
416,2,975.2114285714285,244.4
424,2,963.8171428571428,269.6
432,2,952.4228571428571,294.8
440,2,941.0285714285715,320.0
448,2,929.6342857142857,345.20000000000005
456,2,918.24,370.4
464,2,906.8457142857143,395.6
472,2,895.4514285714286,420.79999999999995
480,2,884.0571428571428,446.0
488,2,872.6628571428571,471.20000000000005
496,2,861.2685714285715,496.40000000000003
504,2,849.8742857142857,521.6
512,2,838.48,546.8
520,2,827.0857142857143,572.0
528,2,815.6914285714286,597.2
536,2,804.2971428571428,622.4
544,2,792.9028571428571,647.5999999999999
552,2,781.5085714285715,672.8
560,2,770.1142857142858,698.0
568,2,758.72,723.1999999999999
576,2,747.3257142857143,748.4000000000001
584,2,735.9314285714286,773.6
592,2,724.5371428571428,798.8000000000001
600,2,713.1428571428571,824.0
608,2,701.7485714285715,849.2
616,2,690.3542857142857,874.4
624,2,678.96,899.6
632,2,667.5657142857143,924.8
640,2,656.1714285714286,950.0
648,2,644.777142857143,975.1999999999999
656,2,633.3828571428571,1000.4
664,2,621.9885714285714,1025.6
672,2,610.5942857142857,1050.8
680,2,599.2,1076.0
688,2,587.8057142857143,1101.1999999999998
696,2,576.4114285714286,1126.4
704,2,565.0171428571429,1151.6
712,2,553.6228571428571,1176.8000000000002
720,2,542.2285714285715,1202.0
728,2,530.8342857142857,1227.2
736,2,519.44,1252.3999999999999
744,2,508.04571428571427,1277.6
752,2,496.65142857142854,1302.8000000000002
760,2,485.25714285714287,1328.0
768,2,473.86285714285714,1353.2
776,2,462.4685714285714,1378.4
784,2,451.0742857142857,1403.6000000000001
792,2,439.67999999999995,1428.8000000000002
800,2,428.28571428571433,1454.0
808,2,416.8914285714286,1479.2
816,2,405.4971428571429,1504.4
824,2,394.10285714285715,1529.6000000000001
832,2,382.7085714285714,1554.8
840,2,371.3142857142857,1580.0
848,2,359.91999999999996,1605.2
856,2,348.52571428571423,1630.4
864,2,337.1314285714286,1655.6
872,2,325.7371428571429,1680.8
880,2,314.34285714285716,1706.0
888,2,302.9485714285714,1731.2
896,2,291.5542857142858,1756.3999999999999
904,2,280.1600000000001,1781.6
912,2,268.76571428571424,1806.8
920,2,257.3714285714285,1832.0
928,2,245.97714285714278,1857.2
936,2,234.58285714285716,1882.3999999999999
944,2,223.18857142857144,1907.6
952,2,211.7942857142857,1932.8
960,2,200.39999999999998,1958.0
968,2,189.00571428571436,1983.1999999999998
976,2,177.61142857142863,2008.3999999999999
984,2,166.2171428571428,2033.6000000000001
992,2,154.82285714285706,2058.8
1000,2,143.42857142857144,2084.0
1008,2,132.03428571428572,2109.2
1016,2,120.63999999999999,2134.4
1024,2,109.24571428571426,2159.6000000000004
1032,2,97.85142857142864,2184.8
1040,2,86.45714285714291,2210.0
1048,2,75.06285714285718,2235.2
1056,2,63.668571428571454,2260.4
1064,2,52.27428571428561,2285.6
1072,2,40.879999999999995,2310.7999999999997
1080,2,29.485714285714266,2336.0
1088,2,18.091428571428537,2361.2
1096,2,6.697142857142808,2386.4
1100,2,1,2399
1108,2,1.0,2399.0
1116,2,1.0,2399.0
1124,2,1.0,2399.0
1132,2,1.0,2399.0
1140,2,1.0,2399.0
1148,2,1.0,2399.0
1156,2,1.0,2399.0
1164,2,1.0,2399.0
1172,2,1.0,2399.0
1180,2,1.0,2399.0
1188,2,1.0,2399.0
1196,2,1.0,2399.0
1204,2,1.0,2399.0
1212,2,1.0,2399.0
1220,2,1.0,2399.0
1228,2,1.0,2399.0
1236,2,1.0,2399.0
1244,2,1.0,2399.0
1252,2,1.0,2399.0
1260,2,1.0,2399.0
1268,2,1.0,2399.0
1276,2,1.0,2399.0
1284,2,1.0,2399.0
1292,2,1.0,2399.0
1300,2,1.0,2399.0
1308,2,1.0,2399.0
1316,2,1.0,2399.0
1324,2,1.0,2399.0
1332,2,1.0,2399.0
1340,2,1.0,2399.0
1348,2,1.0,2399.0
1356,2,1.0,2399.0
1364,2,1.0,2399.0
1372,2,1.0,2399.0
1380,2,1.0,2399.0
1388,2,1.0,2399.0
1396,2,1.0,2399.0
1404,2,1.0,2399.0
1412,2,1.0,2399.0
1420,2,1.0,2399.0
1428,2,1.0,2399.0
1436,2,1.0,2399.0
1444,2,1.0,2399.0
1452,2,1.0,2399.0
1460,2,1.0,2399.0
1468,2,1.0,2399.0
1476,2,1.0,2399.0
1484,2,1.0,2399.0
1492,2,1.0,2399.0
1500,2,1.0,2399.0
1508,2,1.0,2399.0
1516,2,1.0,2399.0
1524,2,1.0,2399.0
1532,2,1.0,2399.0
1540,2,1.0,2399.0
1548,2,1.0,2399.0
1556,2,1.0,2399.0
1564,2,1.0,2399.0
1572,2,1.0,2399.0
1580,2,1.0,2399.0
1588,2,1.0,2399.0
1596,2,1.0,2399.0
1604,2,1.0,2399.0
1612,2,1.0,2399.0
1620,2,1.0,2399.0
1628,2,1.0,2399.0
1636,2,1.0,2399.0
1644,2,1.0,2399.0
1652,2,1.0,2399.0
1660,2,1.0,2399.0
1668,2,1.0,2399.0
1676,2,1.0,2399.0
1684,2,1.0,2399.0
1692,2,1.0,2399.0
1700,2,1.0,2399.0
1708,2,1.0,2399.0
1716,2,1.0,2399.0
1724,2,1.0,2399.0
1732,2,1.0,2399.0
1740,2,1.0,2399.0
1748,2,1.0,2399.0
1756,2,1.0,2399.0
1764,2,1.0,2399.0
1772,2,1.0,2399.0
1780,2,1.0,2399.0
1788,2,1.0,2399.0
1796,2,1.0,2399.0
1800,2,1,2399
1808,2,13.32,2371.594285714286
1816,2,25.64,2344.1885714285713
1824,2,37.96,2316.782857142857
1832,2,50.28,2289.3771428571426
1840,2,62.6,2261.9714285714285
1848,2,74.92,2234.5657142857144
1856,2,87.24,2207.16
1864,2,99.56,2179.7542857142857
1872,2,111.88,2152.3485714285716
1880,2,124.2,2124.942857142857
1888,2,136.52,2097.537142857143
1896,2,148.84,2070.1314285714284
1904,2,161.16,2042.7257142857143
1912,2,173.48,2015.32
1920,2,185.8,1987.9142857142856
1928,2,198.12,1960.5085714285715
1936,2,210.44,1933.1028571428571
1944,2,222.76,1905.6971428571428
1952,2,235.07999999999998,1878.2914285714287
1960,2,247.4,1850.8857142857144
1968,2,259.71999999999997,1823.48
1976,2,272.04,1796.0742857142857
1984,2,284.36,1768.6685714285713
1992,2,296.68,1741.2628571428572
2000,2,309.0,1713.857142857143
2008,2,321.32,1686.4514285714286
2016,2,333.64,1659.0457142857144
2024,2,345.96,1631.6399999999999
2032,2,358.28,1604.2342857142858
2040,2,370.6,1576.8285714285714
2048,2,382.91999999999996,1549.422857142857
2056,2,395.24,1522.017142857143
2064,2,407.56,1494.6114285714284
2072,2,419.88,1467.2057142857143
2080,2,432.20000000000005,1439.8
2088,2,444.52,1412.3942857142856
2096,2,456.84000000000003,1384.9885714285715
2104,2,469.15999999999997,1357.5828571428572
2112,2,481.48,1330.1771428571428
2120,2,493.8,1302.7714285714287
2128,2,506.12,1275.3657142857141
2136,2,518.4399999999999,1247.96
2144,2,530.76,1220.5542857142857
2152,2,543.08,1193.1485714285714
2160,2,555.4,1165.7428571428572
2168,2,567.72,1138.337142857143
2176,2,580.04,1110.9314285714286
2184,2,592.36,1083.5257142857142
2192,2,604.6800000000001,1056.12
2200,2,617.0,1028.7142857142858
2208,2,629.32,1001.3085714285714
2216,2,641.64,973.9028571428571
2224,2,653.96,946.4971428571428
2232,2,666.28,919.0914285714287
2240,2,678.6,891.6857142857143
2248,2,690.92,864.28
2256,2,703.24,836.8742857142856
2264,2,715.56,809.4685714285715
2272,2,727.88,782.0628571428572
2280,2,740.2,754.6571428571428
2288,2,752.52,727.2514285714285
2296,2,764.8399999999999,699.8457142857144
2304,2,777.16,672.44
2312,2,789.48,645.0342857142857
2320,2,801.8000000000001,617.6285714285714
2328,2,814.12,590.222857142857
2336,2,826.4399999999999,562.8171428571429
2344,2,838.76,535.4114285714286
2352,2,851.08,508.00571428571425
2360,2,863.4000000000001,480.5999999999999
2368,2,875.7199999999999,453.1942857142858
2376,2,888.04,425.78857142857146
2384,2,900.36,398.3828571428571
2392,2,912.6800000000001,370.9771428571428
2400,2,925.0,343.5714285714289
2408,2,937.3199999999999,316.16571428571433
2416,2,949.64,288.75999999999976
2424,2,961.96,261.35428571428565
2432,2,974.28,233.94857142857154
2440,2,986.6,206.54285714285743
2448,2,998.92,179.13714285714286
2456,2,1011.24,151.7314285714283
2464,2,1023.5600000000001,124.32571428571418
2472,2,1035.8799999999999,96.92000000000007
2480,2,1048.2,69.51428571428596
2488,2,1060.52,42.108571428571395
2496,2,1072.8400000000001,14.702857142856828
2500,2,1079,1
2508,2,1079.0,1.0
2516,2,1079.0,1.0
2524,2,1079.0,1.0
2532,2,1079.0,1.0
2540,2,1079.0,1.0
2548,2,1079.0,1.0
2556,2,1079.0,1.0
2564,2,1079.0,1.0
2572,2,1079.0,1.0
2580,2,1079.0,1.0
2588,2,1079.0,1.0
2596,2,1079.0,1.0
2604,2,1079.0,1.0
2612,2,1079.0,1.0
2620,2,1079.0,1.0
2628,2,1079.0,1.0
2636,2,1079.0,1.0
2644,2,1079.0,1.0
2652,2,1079.0,1.0
2660,2,1079.0,1.0
2668,2,1079.0,1.0
2676,2,1079.0,1.0
2684,2,1079.0,1.0
2692,2,1079.0,1.0
2700,2,1079.0,1.0
2708,2,1079.0,1.0
2716,2,1079.0,1.0
2724,2,1079.0,1.0
2732,2,1079.0,1.0
2740,2,1079.0,1.0
2748,2,1079.0,1.0
2756,2,1079.0,1.0
2764,2,1079.0,1.0
2772,2,1079.0,1.0
2780,2,1079.0,1.0
2788,2,1079.0,1.0
2796,2,1079.0,1.0
2804,2,1079.0,1.0
2812,2,1079.0,1.0
2820,2,1079.0,1.0
2828,2,1079.0,1.0
2836,2,1079.0,1.0
2844,2,1079.0,1.0
2852,2,1079.0,1.0
2860,2,1079.0,1.0
2868,2,1079.0,1.0
2876,2,1079.0,1.0
2884,2,1079.0,1.0
2892,2,1079.0,1.0
2900,2,1079.0,1.0
2908,2,1079.0,1.0
2916,2,1079.0,1.0
2924,2,1079.0,1.0
2932,2,1079.0,1.0
2940,2,1079.0,1.0
2948,2,1079.0,1.0
2956,2,1079.0,1.0
2964,2,1079.0,1.0
2972,2,1079.0,1.0
2980,2,1079.0,1.0
2988,2,1079.0,1.0
2996,2,1079.0,1.0
3004,2,1079.0,1.0
3012,2,1079.0,1.0
3020,2,1079.0,1.0
3028,2,1079.0,1.0
3036,2,1079.0,1.0
3044,2,1079.0,1.0
3052,2,1079.0,1.0
3060,2,1079.0,1.0
3068,2,1079.0,1.0
3076,2,1079.0,1.0
3084,2,1079.0,1.0
3092,2,1079.0,1.0
3100,2,1079.0,1.0
3108,2,1079.0,1.0
3116,2,1079.0,1.0
3124,2,1079.0,1.0
3132,2,1079.0,1.0
3140,2,1079.0,1.0
3148,2,1079.0,1.0
3156,2,1079.0,1.0
3164,2,1079.0,1.0
3172,2,1079.0,1.0
3180,2,1079.0,1.0
3188,2,1079.0,1.0
3196,2,1079.0,1.0
3200,2,1079,1
3208,2,1077.92,3.5733333333333337
3216,2,1076.84,6.146666666666667
3224,2,1075.76,8.719999999999999
3232,2,1074.68,11.293333333333335
3240,2,1073.6,13.866666666666667
3248,2,1072.52,16.439999999999998
3256,2,1071.44,19.013333333333335
3264,2,1070.36,21.58666666666667
3272,2,1069.28,24.16
3280,2,1068.2,26.733333333333334
3288,2,1067.12,29.30666666666667
3296,2,1066.04,31.88
3304,2,1064.96,34.45333333333333
3312,2,1063.88,37.02666666666667
3320,2,1062.8,39.6
3328,2,1061.72,42.17333333333334
3336,2,1060.64,44.74666666666666
3344,2,1059.56,47.32
3352,2,1058.48,49.89333333333334
3360,2,1057.4,52.46666666666667
3368,2,1056.32,55.040000000000006
3376,2,1055.24,57.61333333333334
3384,2,1054.16,60.18666666666666
3392,2,1053.08,62.76
3400,2,1052.0,65.33333333333333
3408,2,1050.92,67.90666666666667
3416,2,1049.84,70.48
3424,2,1048.76,73.05333333333334
3432,2,1047.68,75.62666666666667
3440,2,1046.6,78.2
3448,2,1045.52,80.77333333333333
3456,2,1044.44,83.34666666666668
3464,2,1043.36,85.92
3472,2,1042.28,88.49333333333333
3480,2,1041.2,91.06666666666666
3488,2,1040.12,93.64
3496,2,1039.04,96.21333333333334
3504,2,1037.96,98.78666666666668
3512,2,1036.88,101.36
3520,2,1035.8,103.93333333333334
3528,2,1034.72,106.50666666666666
3536,2,1033.64,109.08000000000001
3544,2,1032.56,111.65333333333334
3552,2,1031.48,114.22666666666667
3560,2,1030.4,116.8
3568,2,1029.32,119.37333333333332
3576,2,1028.24,121.94666666666667
3584,2,1027.16,124.52
3592,2,1026.08,127.09333333333333
3600,2,1025.0,129.66666666666666
3608,2,1023.92,132.24
3616,2,1022.84,134.81333333333333
3624,2,1021.76,137.38666666666666
3632,2,1020.68,139.96
3640,2,1019.6,142.53333333333333
3648,2,1018.52,145.10666666666668
3656,2,1017.44,147.68
3664,2,1016.36,150.25333333333333
3672,2,1015.28,152.82666666666665
3680,2,1014.2,155.4
3688,2,1013.12,157.97333333333333
3696,2,1012.04,160.54666666666665
3704,2,1010.96,163.12
3712,2,1009.88,165.69333333333336
3720,2,1008.8,168.26666666666668
3728,2,1007.72,170.84
3736,2,1006.64,173.41333333333333
3744,2,1005.56,175.98666666666665
3752,2,1004.48,178.56
3760,2,1003.4,181.13333333333333
3768,2,1002.32,183.70666666666668
3776,2,1001.24,186.28
3784,2,1000.16,188.85333333333335
3792,2,999.08,191.42666666666668
3800,2,998.0,194.0
3808,3,998.0,194.0
