label,elapsed_ms,event,x_px,y_px,scene,render_ms,readback_ms
00-rest,0.5646,capture,,,0,15.3516,0.0
input,781.8815,501,1573.3334,844.0,0,,
input,862.3208,502,1573.3334,844.0,0,,
input,1576.5346,501,1806.6666,844.0,0,,
input,1629.7877,502,1806.6666,844.0,2,,
01-tap-25ms,1659.4316,capture,,,2,59.8941,0.0
input,2427.8646,501,1573.3334,844.0,2,,
input,2486.07,502,1573.3334,844.0,0,,
input,3203.5581,501,1806.6666,844.0,0,,
input,3261.6363,502,1806.6666,844.0,2,,
01-tap-70ms,3338.5629,capture,,,2,29.2775,0.0
input,4080.7773,501,1573.3334,844.0,2,,
input,4138.2964,502,1573.3334,844.0,0,,
input,4844.1714,501,1806.6666,844.0,0,,
input,4915.7631,502,1806.6666,844.0,2,,
01-tap-140ms,5060.2953,capture,,,2,23.5126,0.0
input,5806.2016,501,1573.3334,844.0,2,,
input,5862.7145,502,1573.3334,844.0,0,,
input,6578.2377,501,1806.6666,844.0,0,,
input,6642.384,502,1806.6666,844.0,2,,
01-tap-490ms,7133.6871,capture,,,2,17.7351,0.0
input,7860.8984,501,1806.6666,844.0,2,,
input,7921.7476,502,1806.6666,844.0,2,,
input,8625.1926,501,1806.6666,844.0,2,,
02-held,9286.1876,capture,,,2,82.2719,0.0
input,9370.0627,502,1806.6666,844.0,2,,
input,10073.5265,501,1806.6666,844.0,2,,
input,10135.3101,502,1806.6666,844.0,2,,
input,10850.6754,501,1806.6666,844.0,2,,
input,11521.9052,506,1787.2222,844.0,2,,
input,11542.6003,506,1767.7777,844.0,2,,
input,11565.6781,506,1748.3333,844.0,2,,
input,11582.5055,506,1728.8889,844.0,2,,
03-travel-4,11582.8556,capture,,,2,29.9636,0.0
input,11615.7335,502,1728.8889,844.0,1,,
input,12332.9902,501,1806.6666,844.0,1,,
input,12399.5466,502,1806.6666,844.0,2,,
input,13105.3866,501,1806.6666,844.0,2,,
input,13780.2841,506,1787.2222,844.0,2,,
input,13793.403,506,1767.7777,844.0,2,,
input,13807.8203,506,1748.3333,844.0,2,,
input,13822.978,506,1728.8889,844.0,2,,
input,13838.8394,506,1709.4445,844.0,2,,
input,13854.6676,506,1690.0,844.0,2,,
input,13869.5895,506,1670.5555,844.0,2,,
input,13885.2227,506,1651.1111,844.0,2,,
03-travel-8,13885.3063,capture,,,2,29.2324,0.0
input,13918.2654,502,1651.1111,844.0,1,,
input,14620.9077,501,1806.6666,844.0,1,,
input,14684.0657,502,1806.6666,844.0,2,,
input,15392.7329,501,1806.6666,844.0,2,,
input,16061.7995,506,1787.2222,844.0,2,,
input,16077.7218,506,1767.7777,844.0,2,,
input,16093.5333,506,1748.3333,844.0,2,,
input,16109.3991,506,1728.8889,844.0,2,,
input,16128.0151,506,1709.4445,844.0,2,,
input,16142.5512,506,1690.0,844.0,2,,
input,16158.1274,506,1670.5555,844.0,2,,
input,16177.6736,506,1651.1111,844.0,2,,
input,16204.3075,506,1631.6667,844.0,2,,
input,16220.4367,506,1612.2223,844.0,2,,
input,16237.5317,506,1592.7778,844.0,2,,
input,16252.7438,506,1573.3334,844.0,2,,
03-travel-12,16252.8997,capture,,,2,22.6133,0.0
input,16279.1527,502,1573.3334,844.0,0,,
input,16981.9167,501,1806.6666,844.0,0,,
input,17044.2838,502,1806.6666,844.0,2,,
input,17756.1011,501,1806.6666,844.0,2,,
input,18427.5025,506,1787.2222,844.0,2,,
input,18440.7208,506,1767.7777,844.0,2,,
input,18459.2079,506,1748.3333,844.0,2,,
input,18473.2896,506,1728.8889,844.0,2,,
input,18489.374,506,1709.4445,844.0,2,,
input,18504.8598,506,1690.0,844.0,2,,
input,18521.4447,506,1670.5555,844.0,2,,
input,18537.8059,506,1651.1111,844.0,2,,
input,18555.3152,506,1631.6667,844.0,2,,
input,18566.5969,506,1612.2223,844.0,2,,
input,18583.5005,506,1592.7778,844.0,2,,
input,18599.3275,506,1573.3334,844.0,2,,
input,18600.4994,502,1573.3334,844.0,0,,
04-release-25ms,18638.7839,capture,,,0,28.9067,0.0
input,19375.3307,501,1806.6666,844.0,0,,
input,19435.7932,502,1806.6666,844.0,2,,
input,20153.1953,501,1806.6666,844.0,2,,
input,20823.4729,506,1787.2222,844.0,2,,
input,20840.1107,506,1767.7777,844.0,2,,
input,20854.8914,506,1748.3333,844.0,2,,
input,20872.1339,506,1728.8889,844.0,2,,
input,20885.6713,506,1709.4445,844.0,2,,
input,20900.7471,506,1690.0,844.0,2,,
input,20916.4029,506,1670.5555,844.0,2,,
input,20933.464,506,1651.1111,844.0,2,,
input,20947.543,506,1631.6667,844.0,2,,
input,20963.446,506,1612.2223,844.0,2,,
input,20978.8991,506,1592.7778,844.0,2,,
input,20994.3953,506,1573.3334,844.0,2,,
input,20995.8177,502,1573.3334,844.0,0,,
04-release-70ms,21071.7161,capture,,,0,29.1433,0.0
input,21810.2023,501,1806.6666,844.0,0,,
input,21871.5473,502,1806.6666,844.0,2,,
input,22575.8449,501,1806.6666,844.0,2,,
input,23246.6781,506,1787.2222,844.0,2,,
input,23260.7393,506,1767.7777,844.0,2,,
input,23275.7346,506,1748.3333,844.0,2,,
input,23291.3502,506,1728.8889,844.0,2,,
input,23306.9979,506,1709.4445,844.0,2,,
input,23321.5366,506,1690.0,844.0,2,,
input,23337.7857,506,1670.5555,844.0,2,,
input,23352.581,506,1651.1111,844.0,2,,
input,23369.8477,506,1631.6667,844.0,2,,
input,23388.9473,506,1612.2223,844.0,2,,
input,23400.9315,506,1592.7778,844.0,2,,
input,23416.2835,506,1573.3334,844.0,2,,
input,23418.152,502,1573.3334,844.0,0,,
04-release-160ms,23587.9856,capture,,,0,30.884,0.0
input,24328.8836,501,1806.6666,844.0,0,,
input,24387.4887,502,1806.6666,844.0,2,,
input,25105.1928,501,1806.6666,844.0,2,,
input,25773.6856,506,1787.2222,844.0,2,,
input,25788.1217,506,1767.7777,844.0,2,,
input,25803.9118,506,1748.3333,844.0,2,,
input,25821.6225,506,1728.8889,844.0,2,,
input,25837.3012,506,1709.4445,844.0,2,,
input,25850.9451,506,1690.0,844.0,2,,
input,25866.2633,506,1670.5555,844.0,2,,
input,25882.5091,506,1651.1111,844.0,2,,
input,25897.3841,506,1631.6667,844.0,2,,
input,25914.3429,506,1612.2223,844.0,2,,
input,25928.9475,506,1592.7778,844.0,2,,
input,25943.845,506,1573.3334,844.0,2,,
input,25944.9785,502,1573.3334,844.0,0,,
04-release-760ms,26711.3868,capture,,,0,21.9618,0.0
input,27442.2954,501,1573.3334,844.0,0,,
input,27506.7149,502,1573.3334,844.0,0,,
input,28210.1978,501,1573.3334,844.0,0,,
input,28863.5036,506,-2426.6665,-3156.0,0,,
05-extreme-top-left,29126.4006,capture,,,0,24.3013,0.0
input,29153.177,502,-2426.6665,-3156.0,0,,
input,29860.682,501,1573.3334,844.0,0,,
input,29921.6597,502,1573.3334,844.0,0,,
input,30637.5622,501,1573.3334,844.0,0,,
input,31293.2658,506,5573.3335,4844.0,0,,
06-extreme-bottom-right,31554.0388,capture,,,0,30.0777,0.0
input,31586.8061,502,5573.3335,4844.0,2,,
07-recovered,32600.3151,capture,,,2,8.3413,0.0
