0,0,61,2027.0
8,2,61.0,2027.0
16,2,61.0,2027.0
24,2,61.0,2027.0
32,2,61.0,2027.0
40,2,61.0,2027.0
48,2,61.0,2027.0
56,2,61.0,2027.0
64,2,61.0,2027.0
72,2,61.0,2027.0
80,2,61.0,2027.0
88,2,61.0,2027.0
96,2,61.0,2027.0
104,2,61.0,2027.0
112,2,61.0,2027.0
120,2,61.0,2027.0
128,2,61.0,2027.0
136,2,61.0,2027.0
144,2,61.0,2027.0
152,2,61.0,2027.0
160,2,61.0,2027.0
168,2,61.0,2027.0
176,2,61.0,2027.0
184,2,61.0,2027.0
192,2,61.0,2027.0
200,2,61.0,2027.0
208,2,61.0,2027.0
216,2,61.0,2027.0
224,2,61.0,2027.0
232,2,61.0,2027.0
240,2,61.0,2027.0
248,2,61.0,2027.0
256,2,61.0,2027.0
264,2,61.0,2027.0
272,2,61.0,2027.0
280,2,61.0,2027.0
288,2,61.0,2027.0
296,2,61.0,2027.0
304,2,61.0,2027.0
312,2,61.0,2027.0
320,2,61.0,2027.0
328,2,61.0,2027.0
336,2,61.0,2027.0
344,2,61.0,2027.0
352,2,61.0,2027.0
360,2,61.0,2027.0
368,2,61.0,2027.0
376,2,61.0,2027.0
384,2,61.0,2027.0
392,2,61.0,2027.0
400,2,61,2027.0
408,2,72.63428571428571,2003.8457142857144
416,2,84.26857142857142,1980.6914285714286
424,2,95.90285714285714,1957.537142857143
432,2,107.53714285714285,1934.3828571428571
440,2,119.17142857142858,1911.2285714285715
448,2,130.8057142857143,1888.0742857142857
456,2,142.44,1864.92
464,2,154.0742857142857,1841.7657142857142
472,2,165.70857142857142,1818.6114285714286
480,2,177.34285714285716,1795.4571428571428
488,2,188.97714285714287,1772.3028571428572
496,2,200.61142857142858,1749.1485714285714
504,2,212.24571428571429,1725.9942857142858
512,2,223.88,1702.84
520,2,235.5142857142857,1679.6857142857143
528,2,247.14857142857142,1656.5314285714285
536,2,258.78285714285715,1633.3771428571429
544,2,270.41714285714284,1610.2228571428573
552,2,282.0514285714286,1587.0685714285714
560,2,293.6857142857143,1563.9142857142856
568,2,305.32,1540.76
576,2,316.95428571428573,1517.6057142857144
584,2,328.5885714285714,1494.4514285714286
592,2,340.22285714285715,1471.2971428571427
600,2,351.85714285714283,1448.1428571428573
608,2,363.49142857142857,1424.9885714285715
616,2,375.12571428571425,1401.8342857142857
624,2,386.76,1378.6799999999998
632,2,398.3942857142857,1355.5257142857145
640,2,410.0285714285714,1332.3714285714286
648,2,421.6628571428571,1309.2171428571428
656,2,433.29714285714283,1286.0628571428572
664,2,444.9314285714286,1262.9085714285713
672,2,456.5657142857143,1239.7542857142857
680,2,468.20000000000005,1216.6
688,2,479.8342857142857,1193.4457142857143
696,2,491.46857142857147,1170.2914285714287
704,2,503.10285714285715,1147.1371428571429
712,2,514.7371428571429,1123.982857142857
720,2,526.3714285714286,1100.8285714285714
728,2,538.0057142857142,1077.6742857142858
736,2,549.64,1054.52
744,2,561.2742857142857,1031.3657142857141
752,2,572.9085714285715,1008.2114285714285
760,2,584.5428571428571,985.0571428571429
768,2,596.1771428571428,961.9028571428571
776,2,607.8114285714286,938.7485714285715
784,2,619.4457142857143,915.5942857142857
792,2,631.08,892.4399999999998
800,2,642.7142857142857,869.2857142857144
808,2,654.3485714285714,846.1314285714286
816,2,665.9828571428571,822.9771428571428
824,2,677.6171428571429,799.822857142857
832,2,689.2514285714285,776.6685714285716
840,2,700.8857142857142,753.5142857142857
848,2,712.52,730.3599999999999
856,2,724.1542857142857,707.2057142857143
864,2,735.7885714285713,684.0514285714287
872,2,747.4228571428571,660.8971428571429
880,2,759.0571428571428,637.742857142857
888,2,770.6914285714286,614.5885714285714
896,2,782.3257142857142,591.4342857142858
904,2,793.9599999999999,568.28
912,2,805.5942857142857,545.1257142857144
920,2,817.2285714285714,521.9714285714285
928,2,828.8628571428573,498.8171428571427
936,2,840.4971428571429,475.6628571428573
944,2,852.1314285714286,452.5085714285715
952,2,863.7657142857144,429.35428571428565
960,2,875.4000000000001,406.1999999999998
968,2,887.0342857142857,383.04571428571444
976,2,898.6685714285715,359.8914285714286
984,2,910.3028571428572,336.73714285714277
992,2,921.9371428571429,313.58285714285716
1000,2,933.5714285714286,290.42857142857156
1008,2,945.2057142857143,267.2742857142857
1016,2,956.84,244.1199999999999
1024,2,968.4742857142858,220.96571428571428
1032,2,980.1085714285714,197.81142857142868
1040,2,991.7428571428571,174.65714285714284
1048,2,1003.3771428571429,151.50285714285724
1056,2,1015.0114285714286,128.3485714285714
1064,2,1026.6457142857143,105.19428571428557
1072,2,1038.28,82.03999999999996
1080,2,1049.9142857142856,58.88571428571436
1088,2,1061.5485714285714,35.73142857142852
1096,2,1073.1828571428573,12.57714285714269
1100,2,1079,1
1108,2,1079.0,1.0
1116,2,1079.0,1.0
1124,2,1079.0,1.0
1132,2,1079.0,1.0
1140,2,1079.0,1.0
1148,2,1079.0,1.0
1156,2,1079.0,1.0
1164,2,1079.0,1.0
1172,2,1079.0,1.0
1180,2,1079.0,1.0
1188,2,1079.0,1.0
1196,2,1079.0,1.0
1204,2,1079.0,1.0
1212,2,1079.0,1.0
1220,2,1079.0,1.0
1228,2,1079.0,1.0
1236,2,1079.0,1.0
1244,2,1079.0,1.0
1252,2,1079.0,1.0
1260,2,1079.0,1.0
1268,2,1079.0,1.0
1276,2,1079.0,1.0
1284,2,1079.0,1.0
1292,2,1079.0,1.0
1300,2,1079.0,1.0
1308,2,1079.0,1.0
1316,2,1079.0,1.0
1324,2,1079.0,1.0
1332,2,1079.0,1.0
1340,2,1079.0,1.0
1348,2,1079.0,1.0
1356,2,1079.0,1.0
1364,2,1079.0,1.0
1372,2,1079.0,1.0
1380,2,1079.0,1.0
1388,2,1079.0,1.0
1396,2,1079.0,1.0
1404,2,1079.0,1.0
1412,2,1079.0,1.0
1420,2,1079.0,1.0
1428,2,1079.0,1.0
1436,2,1079.0,1.0
1444,2,1079.0,1.0
1452,2,1079.0,1.0
1460,2,1079.0,1.0
1468,2,1079.0,1.0
1476,2,1079.0,1.0
1484,2,1079.0,1.0
1492,2,1079.0,1.0
1500,2,1079.0,1.0
1508,2,1079.0,1.0
1516,2,1079.0,1.0
1524,2,1079.0,1.0
1532,2,1079.0,1.0
1540,2,1079.0,1.0
1548,2,1079.0,1.0
1556,2,1079.0,1.0
1564,2,1079.0,1.0
1572,2,1079.0,1.0
1580,2,1079.0,1.0
1588,2,1079.0,1.0
1596,2,1079.0,1.0
1604,2,1079.0,1.0
1612,2,1079.0,1.0
1620,2,1079.0,1.0
1628,2,1079.0,1.0
1636,2,1079.0,1.0
1644,2,1079.0,1.0
1652,2,1079.0,1.0
1660,2,1079.0,1.0
1668,2,1079.0,1.0
1676,2,1079.0,1.0
1684,2,1079.0,1.0
1692,2,1079.0,1.0
1700,2,1079.0,1.0
1708,2,1079.0,1.0
1716,2,1079.0,1.0
1724,2,1079.0,1.0
1732,2,1079.0,1.0
1740,2,1079.0,1.0
1748,2,1079.0,1.0
1756,2,1079.0,1.0
1764,2,1079.0,1.0
1772,2,1079.0,1.0
1780,2,1079.0,1.0
1788,2,1079.0,1.0
1796,2,1079.0,1.0
1800,2,1079,1
1808,2,1066.68,28.405714285714286
1816,2,1054.36,55.81142857142857
1824,2,1042.04,83.21714285714286
1832,2,1029.72,110.62285714285714
1840,2,1017.4,138.0285714285714
1848,2,1005.08,165.43428571428572
1856,2,992.76,192.84
1864,2,980.44,220.24571428571429
1872,2,968.12,247.65142857142857
1880,2,955.8,275.0571428571428
1888,2,943.48,302.46285714285716
1896,2,931.16,329.86857142857144
1904,2,918.84,357.2742857142857
1912,2,906.52,384.68
1920,2,894.2,412.0857142857143
1928,2,881.88,439.49142857142857
1936,2,869.56,466.89714285714285
1944,2,857.24,494.30285714285714
1952,2,844.9200000000001,521.7085714285714
1960,2,832.6,549.1142857142856
1968,2,820.28,576.52
1976,2,807.96,603.9257142857143
1984,2,795.64,631.3314285714285
1992,2,783.3199999999999,658.7371428571429
2000,2,771.0,686.1428571428571
2008,2,758.6800000000001,713.5485714285714
2016,2,746.36,740.9542857142857
2024,2,734.04,768.36
2032,2,721.72,795.7657142857142
2040,2,709.4,823.1714285714286
2048,2,697.08,850.5771428571428
2056,2,684.76,877.9828571428571
2064,2,672.44,905.3885714285715
2072,2,660.12,932.7942857142857
2080,2,647.8,960.2
2088,2,635.48,987.6057142857143
2096,2,623.16,1015.0114285714286
2104,2,610.84,1042.4171428571428
2112,2,598.52,1069.8228571428572
2120,2,586.2,1097.2285714285713
2128,2,573.88,1124.6342857142859
2136,2,561.5600000000001,1152.04
2144,2,549.24,1179.4457142857143
2152,2,536.92,1206.8514285714286
2160,2,524.6,1234.2571428571428
2168,2,512.28,1261.662857142857
2176,2,499.96000000000004,1289.0685714285714
2184,2,487.64,1316.4742857142858
2192,2,475.31999999999994,1343.88
2200,2,463.0,1371.2857142857142
2208,2,450.67999999999995,1398.6914285714286
2216,2,438.36,1426.097142857143
2224,2,426.03999999999996,1453.5028571428572
2232,2,413.72,1480.9085714285713
2240,2,401.4,1508.3142857142857
2248,2,389.08000000000004,1535.72
2256,2,376.76,1563.1257142857144
2264,2,364.44000000000005,1590.5314285714285
2272,2,352.12,1617.9371428571428
2280,2,339.79999999999995,1645.3428571428572
2288,2,327.48,1672.7485714285715
2296,2,315.1600000000001,1700.1542857142856
2304,2,302.84000000000003,1727.56
2312,2,290.52,1754.9657142857143
2320,2,278.19999999999993,1782.3714285714286
2328,2,265.88,1809.777142857143
2336,2,253.56000000000006,1837.182857142857
2344,2,241.24,1864.5885714285714
2352,2,228.91999999999996,1891.9942857142858
2360,2,216.5999999999999,1919.4
2368,2,204.2800000000001,1946.8057142857142
2376,2,191.96000000000004,1974.2114285714285
2384,2,179.64,2001.6171428571429
2392,2,167.31999999999994,2029.0228571428572
2400,2,155.0,2056.428571428571
2408,2,142.68000000000006,2083.8342857142857
2416,2,130.36,2111.2400000000002
2424,2,118.03999999999996,2138.6457142857143
2432,2,105.72000000000003,2166.0514285714285
2440,2,93.39999999999998,2193.4571428571426
2448,2,81.08000000000004,2220.862857142857
2456,2,68.75999999999999,2248.2685714285717
2464,2,56.43999999999994,2275.674285714286
2472,2,44.12000000000012,2303.08
2480,2,31.799999999999955,2330.485714285714
2488,2,19.480000000000018,2357.8914285714286
2496,2,7.1599999999998545,2385.297142857143
2500,2,1,2399
2508,2,1.0,2399.0
2516,2,1.0,2399.0
2524,2,1.0,2399.0
2532,2,1.0,2399.0
2540,2,1.0,2399.0
2548,2,1.0,2399.0
2556,2,1.0,2399.0
2564,2,1.0,2399.0
2572,2,1.0,2399.0
2580,2,1.0,2399.0
2588,2,1.0,2399.0
2596,2,1.0,2399.0
2604,2,1.0,2399.0
2612,2,1.0,2399.0
2620,2,1.0,2399.0
2628,2,1.0,2399.0
2636,2,1.0,2399.0
2644,2,1.0,2399.0
2652,2,1.0,2399.0
2660,2,1.0,2399.0
2668,2,1.0,2399.0
2676,2,1.0,2399.0
2684,2,1.0,2399.0
2692,2,1.0,2399.0
2700,2,1.0,2399.0
2708,2,1.0,2399.0
2716,2,1.0,2399.0
2724,2,1.0,2399.0
2732,2,1.0,2399.0
2740,2,1.0,2399.0
2748,2,1.0,2399.0
2756,2,1.0,2399.0
2764,2,1.0,2399.0
2772,2,1.0,2399.0
2780,2,1.0,2399.0
2788,2,1.0,2399.0
2796,2,1.0,2399.0
2804,2,1.0,2399.0
2812,2,1.0,2399.0
2820,2,1.0,2399.0
2828,2,1.0,2399.0
2836,2,1.0,2399.0
2844,2,1.0,2399.0
2852,2,1.0,2399.0
2860,2,1.0,2399.0
2868,2,1.0,2399.0
2876,2,1.0,2399.0
2884,2,1.0,2399.0
2892,2,1.0,2399.0
2900,2,1.0,2399.0
2908,2,1.0,2399.0
2916,2,1.0,2399.0
2924,2,1.0,2399.0
2932,2,1.0,2399.0
2940,2,1.0,2399.0
2948,2,1.0,2399.0
2956,2,1.0,2399.0
2964,2,1.0,2399.0
2972,2,1.0,2399.0
2980,2,1.0,2399.0
2988,2,1.0,2399.0
2996,2,1.0,2399.0
3004,2,1.0,2399.0
3012,2,1.0,2399.0
3020,2,1.0,2399.0
3028,2,1.0,2399.0
3036,2,1.0,2399.0
3044,2,1.0,2399.0
3052,2,1.0,2399.0
3060,2,1.0,2399.0
3068,2,1.0,2399.0
3076,2,1.0,2399.0
3084,2,1.0,2399.0
3092,2,1.0,2399.0
3100,2,1.0,2399.0
3108,2,1.0,2399.0
3116,2,1.0,2399.0
3124,2,1.0,2399.0
3132,2,1.0,2399.0
3140,2,1.0,2399.0
3148,2,1.0,2399.0
3156,2,1.0,2399.0
3164,2,1.0,2399.0
3172,2,1.0,2399.0
3180,2,1.0,2399.0
3188,2,1.0,2399.0
3196,2,1.0,2399.0
3200,2,1,2399
3208,2,1.8,2394.04
3216,2,2.6,2389.08
3224,2,3.4,2384.12
3232,2,4.2,2379.16
3240,2,5.0,2374.2
3248,2,5.8,2369.24
3256,2,6.6000000000000005,2364.28
3264,2,7.4,2359.32
3272,2,8.2,2354.36
3280,2,9.0,2349.4
3288,2,9.8,2344.44
3296,2,10.6,2339.48
3304,2,11.4,2334.52
3312,2,12.200000000000001,2329.56
3320,2,13.0,2324.6
3328,2,13.8,2319.64
3336,2,14.6,2314.68
3344,2,15.399999999999999,2309.72
3352,2,16.200000000000003,2304.76
3360,2,17.0,2299.8
3368,2,17.8,2294.84
3376,2,18.6,2289.88
3384,2,19.4,2284.92
3392,2,20.2,2279.96
3400,2,21.0,2275.0
3408,2,21.8,2270.04
3416,2,22.599999999999998,2265.08
3424,2,23.400000000000002,2260.12
3432,2,24.2,2255.16
3440,2,25.0,2250.2
3448,2,25.8,2245.24
3456,2,26.6,2240.28
3464,2,27.4,2235.32
3472,2,28.2,2230.36
3480,2,29.0,2225.4
3488,2,29.799999999999997,2220.44
3496,2,30.6,2215.48
3504,2,31.400000000000002,2210.52
3512,2,32.2,2205.56
3520,2,33.0,2200.6
3528,2,33.8,2195.64
3536,2,34.6,2190.68
3544,2,35.4,2185.72
3552,2,36.2,2180.76
3560,2,37.0,2175.8
3568,2,37.8,2170.84
3576,2,38.6,2165.88
3584,2,39.4,2160.92
3592,2,40.2,2155.96
3600,2,41.0,2151.0
3608,2,41.800000000000004,2146.04
3616,2,42.6,2141.08
3624,2,43.4,2136.12
3632,2,44.199999999999996,2131.16
3640,2,45.0,2126.2
3648,2,45.800000000000004,2121.24
3656,2,46.6,2116.2799999999997
3664,2,47.4,2111.32
3672,2,48.199999999999996,2106.36
3680,2,49.0,2101.4
3688,2,49.800000000000004,2096.44
3696,2,50.6,2091.48
3704,2,51.4,2086.52
3712,2,52.2,2081.56
3720,2,53.0,2076.6
3728,2,53.8,2071.64
3736,2,54.6,2066.68
3744,2,55.4,2061.7200000000003
3752,2,56.2,2056.76
3760,2,57.0,2051.8
3768,2,57.8,2046.8400000000001
3776,2,58.599999999999994,2041.88
3784,2,59.400000000000006,2036.92
3792,2,60.2,2031.96
3800,2,61,2027.0
3808,3,61,2027.0
