0,0,540.0,2027.0
8,2,540.0,2027.0
16,2,540.0,2027.0
24,2,540.0,2027.0
32,2,540.0,2027.0
40,2,540.0,2027.0
48,2,540.0,2027.0
56,2,540.0,2027.0
64,2,540.0,2027.0
72,2,540.0,2027.0
80,2,540.0,2027.0
88,2,540.0,2027.0
96,2,540.0,2027.0
104,2,540.0,2027.0
112,2,540.0,2027.0
120,2,540.0,2027.0
128,2,540.0,2027.0
136,2,540.0,2027.0
144,2,540.0,2027.0
152,2,540.0,2027.0
160,2,540.0,2027.0
168,2,540.0,2027.0
176,2,540.0,2027.0
184,2,540.0,2027.0
192,2,540.0,2027.0
200,2,540.0,2027.0
208,2,540.0,2027.0
216,2,540.0,2027.0
224,2,540.0,2027.0
232,2,540.0,2027.0
240,2,540.0,2027.0
248,2,540.0,2027.0
256,2,540.0,2027.0
264,2,540.0,2027.0
272,2,540.0,2027.0
280,2,540.0,2027.0
288,2,540.0,2027.0
296,2,540.0,2027.0
304,2,540.0,2027.0
312,2,540.0,2027.0
320,2,540.0,2027.0
328,2,540.0,2027.0
336,2,540.0,2027.0
344,2,540.0,2027.0
352,2,540.0,2027.0
360,2,540.0,2027.0
368,2,540.0,2027.0
376,2,540.0,2027.0
384,2,540.0,2027.0
392,2,540.0,2027.0
400,2,540.0,2027.0
408,2,540.0,1999.9866666666667
416,2,540.0,1972.9733333333334
424,2,540.0,1945.96
432,2,540.0,1918.9466666666667
440,2,540.0,1891.9333333333334
448,2,540.0,1864.92
456,2,540.0,1837.9066666666668
464,2,540.0,1810.8933333333334
472,2,540.0,1783.88
480,2,540.0,1756.8666666666668
488,2,540.0,1729.8533333333335
496,2,540.0,1702.84
504,2,540.0,1675.8266666666666
512,2,540.0,1648.8133333333333
520,2,540.0,1621.8
528,2,540.0,1594.7866666666666
536,2,540.0,1567.7733333333333
544,2,540.0,1540.76
552,2,540.0,1513.7466666666667
560,2,540.0,1486.7333333333333
568,2,540.0,1459.7199999999998
576,2,540.0,1432.7066666666667
584,2,540.0,1405.6933333333334
592,2,540.0,1378.6799999999998
600,2,540.0,1351.6666666666667
608,2,540.0,1324.6533333333332
616,2,540.0,1297.6399999999999
624,2,540.0,1270.6266666666666
632,2,540.0,1243.6133333333332
640,2,540.0,1216.6
648,2,540.0,1189.5866666666666
656,2,540.0,1162.5733333333333
664,2,540.0,1135.56
672,2,540.0,1108.5466666666666
680,2,540.0,1081.5333333333333
688,2,540.0,1054.52
696,2,540.0,1027.5066666666667
704,2,540.0,1000.4933333333333
712,2,540.0,973.48
720,2,540.0,946.4666666666667
728,2,540.0,919.4533333333334
736,2,540.0,892.4399999999998
744,2,540.0,865.4266666666665
752,2,540.0,838.4133333333334
760,2,540.0,811.4000000000001
768,2,540.0,784.3866666666668
776,2,540.0,757.3733333333332
784,2,540.0,730.3599999999999
792,2,540.0,703.3466666666666
800,2,540.0,676.3333333333335
808,2,540.0,649.3199999999999
816,2,540.0,622.3066666666666
824,2,540.0,595.2933333333333
832,2,540.0,568.28
840,2,540.0,541.2666666666669
848,2,540.0,514.2533333333333
856,2,540.0,487.24
864,2,540.0,460.2266666666667
872,2,540.0,433.21333333333337
880,2,540.0,406.1999999999998
888,2,540.0,379.1866666666667
896,2,540.0,352.1733333333334
904,2,540.0,325.1600000000001
912,2,540.0,298.14666666666653
920,2,540.0,271.1333333333332
928,2,540.0,244.1199999999999
936,2,540.0,217.1066666666668
944,2,540.0,190.09333333333348
952,2,540.0,163.07999999999993
960,2,540.0,136.0666666666666
968,2,540.0,109.05333333333328
976,2,540.0,82.03999999999996
984,2,540.0,55.02666666666664
992,2,540.0,28.01333333333332
1000,2,540.0,1
1008,2,540.0,1.0
1016,2,540.0,1.0
1024,2,540.0,1.0
1032,2,540.0,1.0
1040,2,540.0,1.0
1048,2,540.0,1.0
1056,2,540.0,1.0
1064,2,540.0,1.0
1072,2,540.0,1.0
1080,2,540.0,1.0
1088,2,540.0,1.0
1096,2,540.0,1.0
1104,2,540.0,1.0
1112,2,540.0,1.0
1120,2,540.0,1.0
1128,2,540.0,1.0
1136,2,540.0,1.0
1144,2,540.0,1.0
1152,2,540.0,1.0
1160,2,540.0,1.0
1168,2,540.0,1.0
1176,2,540.0,1.0
1184,2,540.0,1.0
1192,2,540.0,1.0
1200,2,540.0,1.0
1208,2,540.0,1.0
1216,2,540.0,1.0
1224,2,540.0,1.0
1232,2,540.0,1.0
1240,2,540.0,1.0
1248,2,540.0,1.0
1256,2,540.0,1.0
1264,2,540.0,1.0
1272,2,540.0,1.0
1280,2,540.0,1.0
1288,2,540.0,1.0
1296,2,540.0,1.0
1304,2,540.0,1.0
1312,2,540.0,1.0
1320,2,540.0,1.0
1328,2,540.0,1.0
1336,2,540.0,1.0
1344,2,540.0,1.0
1352,2,540.0,1.0
1360,2,540.0,1.0
1368,2,540.0,1.0
1376,2,540.0,1.0
1384,2,540.0,1.0
1392,2,540.0,1.0
1400,2,540.0,1.0
1408,2,540.0,1.0
1416,2,540.0,1.0
1424,2,540.0,1.0
1432,2,540.0,1.0
1440,2,540.0,1.0
1448,2,540.0,1.0
1456,2,540.0,1.0
1464,2,540.0,1.0
1472,2,540.0,1.0
1480,2,540.0,1.0
1488,2,540.0,1.0
1496,2,540.0,1.0
1504,2,540.0,1.0
1512,2,540.0,1.0
1520,2,540.0,1.0
1528,2,540.0,1.0
1536,2,540.0,1.0
1544,2,540.0,1.0
1552,2,540.0,1.0
1560,2,540.0,1.0
1568,2,540.0,1.0
1576,2,540.0,1.0
1584,2,540.0,1.0
1592,2,540.0,1.0
1600,2,540.0,1
1608,2,540.0,24.98
1616,2,540.0,48.96
1624,2,540.0,72.94
1632,2,540.0,96.92
1640,2,540.0,120.9
1648,2,540.0,144.88
1656,2,540.0,168.86
1664,2,540.0,192.84
1672,2,540.0,216.82
1680,2,540.0,240.8
1688,2,540.0,264.78000000000003
1696,2,540.0,288.76
1704,2,540.0,312.74
1712,2,540.0,336.72
1720,2,540.0,360.7
1728,2,540.0,384.68
1736,2,540.0,408.66
1744,2,540.0,432.64
1752,2,540.0,456.62
1760,2,540.0,480.6
1768,2,540.0,504.58
1776,2,540.0,528.5600000000001
1784,2,540.0,552.5400000000001
1792,2,540.0,576.52
1800,2,540.0,600.5
1808,2,540.0,624.48
1816,2,540.0,648.46
1824,2,540.0,672.44
1832,2,540.0,696.42
1840,2,540.0,720.4
1848,2,540.0,744.38
1856,2,540.0,768.36
1864,2,540.0,792.34
1872,2,540.0,816.32
1880,2,540.0,840.3
1888,2,540.0,864.28
1896,2,540.0,888.26
1904,2,540.0,912.24
1912,2,540.0,936.22
1920,2,540.0,960.2
1928,2,540.0,984.18
1936,2,540.0,1008.16
1944,2,540.0,1032.1399999999999
1952,2,540.0,1056.1200000000001
1960,2,540.0,1080.1000000000001
1968,2,540.0,1104.0800000000002
1976,2,540.0,1128.06
1984,2,540.0,1152.04
1992,2,540.0,1176.02
2000,2,540.0,1200.0
2008,2,540.0,1223.98
2016,2,540.0,1247.96
2024,2,540.0,1271.94
2032,2,540.0,1295.92
2040,2,540.0,1319.9
2048,2,540.0,1343.88
2056,2,540.0,1367.86
2064,2,540.0,1391.84
2072,2,540.0,1415.82
2080,2,540.0,1439.8
2088,2,540.0,1463.78
2096,2,540.0,1487.76
2104,2,540.0,1511.74
2112,2,540.0,1535.72
2120,2,540.0,1559.7
2128,2,540.0,1583.68
2136,2,540.0,1607.66
2144,2,540.0,1631.64
2152,2,540.0,1655.62
2160,2,540.0,1679.6
2168,2,540.0,1703.58
2176,2,540.0,1727.56
2184,2,540.0,1751.54
2192,2,540.0,1775.52
2200,2,540.0,1799.5
2208,2,540.0,1823.48
2216,2,540.0,1847.46
2224,2,540.0,1871.44
2232,2,540.0,1895.42
2240,2,540.0,1919.4
2248,2,540.0,1943.38
2256,2,540.0,1967.36
2264,2,540.0,1991.34
2272,2,540.0,2015.32
2280,2,540.0,2039.3
2288,2,540.0,2063.2799999999997
2296,2,540.0,2087.2599999999998
2304,2,540.0,2111.2400000000002
2312,2,540.0,2135.2200000000003
2320,2,540.0,2159.2000000000003
2328,2,540.0,2183.1800000000003
2336,2,540.0,2207.1600000000003
2344,2,540.0,2231.1400000000003
2352,2,540.0,2255.12
2360,2,540.0,2279.1
2368,2,540.0,2303.08
2376,2,540.0,2327.06
2384,2,540.0,2351.04
2392,2,540.0,2375.02
2400,2,540.0,2399
2408,2,540.0,2399.0
2416,2,540.0,2399.0
2424,2,540.0,2399.0
2432,2,540.0,2399.0
2440,2,540.0,2399.0
2448,2,540.0,2399.0
2456,2,540.0,2399.0
2464,2,540.0,2399.0
2472,2,540.0,2399.0
2480,2,540.0,2399.0
2488,2,540.0,2399.0
2496,2,540.0,2399.0
2504,2,540.0,2399.0
2512,2,540.0,2399.0
2520,2,540.0,2399.0
2528,2,540.0,2399.0
2536,2,540.0,2399.0
2544,2,540.0,2399.0
2552,2,540.0,2399.0
2560,2,540.0,2399.0
2568,2,540.0,2399.0
2576,2,540.0,2399.0
2584,2,540.0,2399.0
2592,2,540.0,2399.0
2600,2,540.0,2399.0
2608,2,540.0,2399.0
2616,2,540.0,2399.0
2624,2,540.0,2399.0
2632,2,540.0,2399.0
2640,2,540.0,2399.0
2648,2,540.0,2399.0
2656,2,540.0,2399.0
2664,2,540.0,2399.0
2672,2,540.0,2399.0
2680,2,540.0,2399.0
2688,2,540.0,2399.0
2696,2,540.0,2399.0
2704,2,540.0,2399.0
2712,2,540.0,2399.0
2720,2,540.0,2399.0
2728,2,540.0,2399.0
2736,2,540.0,2399.0
2744,2,540.0,2399.0
2752,2,540.0,2399.0
2760,2,540.0,2399.0
2768,2,540.0,2399.0
2776,2,540.0,2399.0
2784,2,540.0,2399.0
2792,2,540.0,2399.0
2800,2,540.0,2399.0
2808,2,540.0,2399.0
2816,2,540.0,2399.0
2824,2,540.0,2399.0
2832,2,540.0,2399.0
2840,2,540.0,2399.0
2848,2,540.0,2399.0
2856,2,540.0,2399.0
2864,2,540.0,2399.0
2872,2,540.0,2399.0
2880,2,540.0,2399.0
2888,2,540.0,2399.0
2896,2,540.0,2399.0
2904,2,540.0,2399.0
2912,2,540.0,2399.0
2920,2,540.0,2399.0
2928,2,540.0,2399.0
2936,2,540.0,2399.0
2944,2,540.0,2399.0
2952,2,540.0,2399.0
2960,2,540.0,2399.0
2968,2,540.0,2399.0
2976,2,540.0,2399.0
2984,2,540.0,2399.0
2992,2,540.0,2399.0
3000,2,540.0,2399
3008,2,540.0,2393.048
3016,2,540.0,2387.096
3024,2,540.0,2381.144
3032,2,540.0,2375.192
3040,2,540.0,2369.24
3048,2,540.0,2363.288
3056,2,540.0,2357.336
3064,2,540.0,2351.384
3072,2,540.0,2345.432
3080,2,540.0,2339.48
3088,2,540.0,2333.528
3096,2,540.0,2327.576
3104,2,540.0,2321.624
3112,2,540.0,2315.672
3120,2,540.0,2309.72
3128,2,540.0,2303.768
3136,2,540.0,2297.816
3144,2,540.0,2291.864
3152,2,540.0,2285.912
3160,2,540.0,2279.96
3168,2,540.0,2274.008
3176,2,540.0,2268.056
3184,2,540.0,2262.104
3192,2,540.0,2256.152
3200,2,540.0,2250.2
3208,2,540.0,2244.248
3216,2,540.0,2238.296
3224,2,540.0,2232.344
3232,2,540.0,2226.392
3240,2,540.0,2220.44
3248,2,540.0,2214.488
3256,2,540.0,2208.536
3264,2,540.0,2202.584
3272,2,540.0,2196.632
3280,2,540.0,2190.68
3288,2,540.0,2184.728
3296,2,540.0,2178.776
3304,2,540.0,2172.824
3312,2,540.0,2166.872
3320,2,540.0,2160.92
3328,2,540.0,2154.968
3336,2,540.0,2149.016
3344,2,540.0,2143.064
3352,2,540.0,2137.112
3360,2,540.0,2131.16
3368,2,540.0,2125.208
3376,2,540.0,2119.256
3384,2,540.0,2113.304
3392,2,540.0,2107.352
3400,2,540.0,2101.4
3408,2,540.0,2095.448
3416,2,540.0,2089.496
3424,2,540.0,2083.544
3432,2,540.0,2077.592
3440,2,540.0,2071.64
3448,2,540.0,2065.688
3456,2,540.0,2059.736
3464,2,540.0,2053.784
3472,2,540.0,2047.8319999999999
3480,2,540.0,2041.88
3488,2,540.0,2035.9279999999999
3496,2,540.0,2029.976
3500,2,540.0,2027.0
3508,2,540.0,2027.0
3516,2,540.0,2027.0
3524,2,540.0,2027.0
3532,2,540.0,2027.0
3540,2,540.0,2027.0
3548,2,540.0,2027.0
3556,2,540.0,2027.0
3564,2,540.0,2027.0
3572,2,540.0,2027.0
3580,2,540.0,2027.0
3588,2,540.0,2027.0
3596,2,540.0,2027.0
3604,2,540.0,2027.0
3612,2,540.0,2027.0
3620,2,540.0,2027.0
3628,2,540.0,2027.0
3636,2,540.0,2027.0
3644,2,540.0,2027.0
3652,2,540.0,2027.0
3660,2,540.0,2027.0
3668,2,540.0,2027.0
3676,2,540.0,2027.0
3684,2,540.0,2027.0
3692,2,540.0,2027.0
3700,2,540.0,2027.0
3708,2,540.0,2027.0
3716,2,540.0,2027.0
3724,2,540.0,2027.0
3732,2,540.0,2027.0
3740,2,540.0,2027.0
3748,2,540.0,2027.0
3756,2,540.0,2027.0
3764,2,540.0,2027.0
3772,2,540.0,2027.0
3780,2,540.0,2027.0
3788,2,540.0,2027.0
3796,2,540.0,2027.0
3800,2,540.0,2027.0
3808,3,540.0,2027.0
