slots,t,cx,width,height
1,0.0,129.4,251.99304,162.0
1,0.004166667,130.44243,251.99307,162.0
1,0.008333334,133.30412,252.04092,162.0
1,0.0125,137.6294,252.27234,162.00012
1,0.016666668,143.11375,252.85239,162.00061
1,0.020833334,149.49744,253.90863,162.00189
1,0.025,156.5596,255.51593,162.00452
1,0.029166667,164.11333,257.70163,162.00943
1,0.033333335,172.0011,260.4555,162.01746
1,0.0375,180.09091,263.73932,162.02951
1,0.041666668,188.2729,267.4947,162.04657
1,0.045833334,196.45625,271.64905,162.06949
1,0.05,204.5666,276.12082,162.09897
1,0.054166667,212.54376,280.82288,162.13562
1,0.058333334,220.33963,285.66595,162.17993
1,0.0625,227.91646,290.56094,162.23206
1,0.06666667,235.24535,295.4209,162.29211
1,0.07083333,242.30487,300.1631,162.36005
1,0.075,249.07993,304.7099,162.43549
1,0.079166666,255.5607,308.99042,162.518
1,0.083333336,261.74188,312.94116,162.60706
1,0.0875,267.62177,316.50665,162.70197
1,0.09166667,273.20175,319.64014,162.80188
1,0.09583333,278.48566,322.30377,162.90594
1,0.1,283.4793,324.46887,163.0133
1,0.104166664,288.1901,326.1159,163.12311
1,0.108333334,292.62662,327.2342,163.2345
1,0.1125,296.79843,327.82153,163.34662
1,0.11666667,300.71573,327.88385,163.45874
1,0.12083333,304.3892,327.4345,163.5701
1,0.125,307.82974,326.4936,163.68
1,0.12916666,311.04843,325.08716,163.78778
1,0.13333334,314.05634,323.24646,163.89276
1,0.1375,316.86444,321.00696,163.99438
1,0.14166667,319.48352,318.4077,164.09222
1,0.14583333,321.9241,315.4903,164.18567
1,0.15,324.19647,312.29822,164.27438
1,0.15416667,326.31052,308.87567,164.35797
1,0.15833333,328.27582,305.26752,164.43613
1,0.1625,330.1015,301.51788,164.50854
1,0.16666667,331.7964,297.6701,164.5751
1,0.17083333,333.3688,293.7658,164.63556
1,0.175,334.82672,289.84485,164.68982
1,0.17916666,336.1777,285.94446,164.73782
1,0.18333334,337.4289,282.09924,164.77954
1,0.1875,338.58704,278.341,164.815
1,0.19166666,339.65854,274.69928,164.84546
1,0.19583334,340.64938,271.2005,164.87201
1,0.2,341.56522,267.86652,164.89478
1,0.20416667,342.41135,264.71576,164.91376
1,0.20833333,343.19275,261.7633,164.92896
1,0.2125,343.91406,259.02124,164.94049
1,0.21666667,344.57968,256.4983,164.94849
1,0.22083333,345.19363,254.20024,164.95291
1,0.225,345.75977,252.13007,164.95392
1,0.22916667,346.2816,250.28825,164.9516
1,0.23333333,346.76242,248.67267,164.94604
1,0.2375,347.20532,247.27911,164.93735
1,0.24166666,347.6132,246.10144,164.92566
1,0.24583334,347.98865,245.13171,164.91107
1,0.25,348.3342,244.3606,164.89374
1,0.25416666,348.6521,243.77728,164.87372
1,0.25833333,348.94452,243.37012,164.85123
1,0.2625,349.2134,243.12659,164.82635
1,0.26666668,349.4606,243.03351,164.7992
1,0.27083334,349.6878,243.07726,164.76996
1,0.275,349.89658,243.24406,164.73871
1,0.27916667,350.08835,243.51996,164.70563
1,0.28333333,350.2645,243.89124,164.67084
1,0.2875,350.42624,244.3443,164.63443
1,0.29166666,350.5747,244.86597,164.59659
1,0.29583332,350.711,245.44342,164.55737
1,0.3,350.83606,246.06458,164.51697
1,0.30416667,350.9508,246.71796,164.4755
1,0.30833334,351.05606,247.3927,164.43304
1,0.3125,351.1526,248.07875,164.38971
1,0.31666666,351.24112,248.76697,164.34564
1,0.32083333,351.3223,249.44897,164.3009
1,0.325,351.3967,250.11719,164.25568
1,0.32916668,351.46487,250.76501,164.20996
1,0.33333334,351.52734,251.38654,164.16394
1,0.3375,351.5846,251.97682,164.11765
1,0.34166667,351.63705,252.53178,164.07117
1,0.34583333,351.6851,253.04791,164.02463
1,0.35,351.7291,253.52264,163.97806
1,0.35416666,351.76938,253.9541,163.93158
1,0.35833332,351.80624,254.341,163.8852
1,0.3625,351.84,254.68268,163.83905
1,0.36666667,351.8709,254.97919,163.79315
1,0.37083334,351.8992,255.23083,163.74753
1,0.375,351.92508,255.4386,163.7023
1,0.37916666,351.94876,255.60382,163.6575
1,0.38333333,351.97043,255.72821,163.61316
1,0.3875,351.99023,255.81372,163.5693
1,0.39166668,352.00836,255.86261,163.526
1,0.39583334,352.02493,255.87738,163.48328
1,0.4,352.0401,255.86053,163.44116
1,0.40416667,352.05396,255.81494,163.39972
1,0.40833333,352.06662,255.74335,163.35889
1,0.4125,352.0782,255.64856,163.31879
1,0.41666666,352.08878,255.53345,163.27936
1,0.42083332,352.09845,255.40082,163.24066
1,0.425,352.1073,255.25348,163.2027
1,0.42916667,352.1154,255.09407,163.16553
1,0.43333334,352.12277,254.92517,163.12909
1,0.4375,352.12952,254.74915,163.09338
1,0.44166666,352.13568,254.56842,163.0585
1,0.44583333,352.1413,254.38507,163.02441
1,0.45,352.14642,254.20107,162.99109
1,0.45416668,352.15112,254.0183,162.95856
1,0.45833334,352.1554,253.83832,162.92682
1,0.4625,352.1593,253.6626,162.89581
1,0.46666667,352.16287,253.49251,162.86563
1,0.47083333,352.16614,253.32912,162.83624
1,0.475,352.1691,253.17339,162.80759
1,0.47916666,352.1718,253.02602,162.77972
1,0.48333332,352.1743,252.8877,162.75262
1,0.4875,352.17654,252.75885,162.72626
1,0.49166667,352.17862,252.63983,162.70062
1,0.49583334,352.1805,252.53082,162.67572
1,0.5,352.18222,252.43188,162.65155
1,0.50416666,352.18378,252.34302,162.62808
1,0.5083333,352.1852,252.26398,162.60532
1,0.5125,352.18652,252.19458,162.58322
1,0.51666665,352.1877,252.13457,162.56183
1,0.5208333,352.1888,252.08344,162.54108
1,0.525,352.1898,252.04085,162.521
1,0.52916664,352.1907,252.00629,162.50153
1,0.53333336,352.19153,251.97919,162.48267
1,0.5375,352.1923,251.95898,162.46442
1,0.5416667,352.19296,251.94513,162.44678
1,0.54583335,352.19357,251.93707,162.42975
1,0.55,352.19415,251.93414,162.41324
1,0.5541667,352.19467,251.93579,162.39731
1,0.55833334,352.19516,251.9414,162.3819
1,0.5625,352.1956,251.95044,162.367
1,0.56666666,352.19598,251.96234,162.35266
1,0.5708333,352.19635,251.97662,162.3388
1,0.575,352.1967,251.99272,162.32544
1,0.57916665,352.197,252.01013,162.3125
1,0.5833333,352.19727,252.02856,162.30005
1,0.5875,352.1975,252.04749,162.28806
1,0.59166664,352.19772,252.06659,162.27649
1,0.59583336,352.19794,252.08551,162.26532
1,0.6,352.19812,252.104,162.25458
1,0.6041667,352.1983,252.12177,162.24423
1,0.60833335,352.19846,252.13861,162.23425
1,0.6125,352.1986,252.1543,162.22467
1,0.6166667,352.19873,252.1687,162.21542
1,0.62083334,352.19885,252.18175,162.20654
1,0.625,352.19894,252.19324,162.198
1,0.62916666,352.19904,252.20319,162.18976
1,0.6333333,352.19913,252.21155,162.18182
1,0.6375,352.19922,252.21826,162.17422
1,0.64166665,352.19928,252.22339,162.16693
1,0.6458333,352.19934,252.22693,162.15988
1,0.65,352.1994,252.22894,162.15314
1,0.65416664,352.19946,252.22949,162.14664
1,0.65833336,352.19952,252.22864,162.14041
1,0.6625,352.19955,252.22644,162.1344
1,0.6666667,352.1996,252.22304,162.12866
1,0.67083335,352.19962,252.21855,162.12317
1,0.675,352.19965,252.21301,162.11786
1,0.6791667,352.19968,252.20654,162.11276
1,0.68333334,352.1997,252.19934,162.10791
1,0.6875,352.19974,252.1914,162.10321
1,0.69166666,352.19977,252.18292,162.09872
1,0.6958333,352.1998,252.17395,162.09442
1,0.7,352.19983,252.16467,162.09027
1,0.70416665,352.19986,252.15509,162.0863
1,0.7083333,352.1999,252.14539,162.08252
1,0.7125,352.1999,252.1356,162.07892
1,0.71666664,352.1999,252.1258,162.07541
1,0.72083336,352.1999,252.11609,162.07208
1,0.725,352.1999,252.10657,162.06888
1,0.7291667,352.1999,252.09729,162.0658
1,0.73333335,352.1999,252.08826,162.06287
1,0.7375,352.1999,252.07953,162.06006
1,0.7416667,352.1999,252.07123,162.05737
1,0.74583334,352.1999,252.0633,162.05481
1,0.75,352.1999,252.0558,162.05234
1,0.75416666,352.1999,252.04881,162.04999
1,0.7583333,352.1999,252.04224,162.04773
1,0.7625,352.1999,252.03615,162.0456
1,0.76666665,352.1999,252.03058,162.04352
1,0.7708333,352.1999,252.02545,162.0415
1,0.775,352.1999,252.02081,162.03961
1,0.77916664,352.1999,252.01666,162.03784
1,0.78333336,352.1999,252.01295,162.03607
1,0.7875,352.1999,252.0097,162.03445
1,0.7916667,352.1999,252.00685,162.03287
1,0.79583335,352.1999,252.00446,162.03137
1,0.8,352.1999,252.00238,162.0299
1,0.8041667,352.1999,252.00067,162.02856
1,0.80833334,352.1999,251.99927,162.02722
1,0.8125,352.1999,251.99817,162.02594
1,0.81666666,352.1999,251.99738,162.02478
1,0.8208333,352.1999,251.99677,162.02362
1,0.825,352.1999,251.99644,162.02249
1,0.82916665,352.1999,251.99628,162.02145
1,0.8333333,352.1999,251.99628,162.02045
1,0.8375,352.1999,251.99646,162.0195
1,0.84166664,352.1999,251.99677,162.01862
1,0.84583336,352.1999,251.99709,162.0177
1,0.85,352.1999,251.99756,162.01688
1,0.8541667,352.1999,251.99806,162.01608
1,0.85833335,352.1999,251.9986,162.01532
1,0.8625,352.1999,251.9992,162.01462
1,0.8666667,352.1999,251.99976,162.01392
1,0.87083334,352.1999,252.00035,162.01324
1,0.875,352.1999,252.00085,162.01263
1,0.87916666,352.1999,252.0014,162.01202
1,0.8833333,352.1999,252.00189,162.01147
1,0.8875,352.1999,252.00232,162.01093
1,0.89166665,352.1999,252.00275,162.01038
1,0.8958333,352.1999,252.00311,162.00989
1,0.9,352.1999,252.00336,162.00943
1,0.90416664,352.1999,252.0036,162.00897
1,0.90833336,352.1999,252.00378,162.00854
1,0.9125,352.1999,252.0039,162.00815
1,0.9166667,352.1999,252.0039,162.00775
1,0.92083335,352.1999,252.00392,162.00739
1,0.925,352.1999,252.0039,162.00702
1,0.9291667,352.1999,252.00372,162.00668
1,0.93333334,352.1999,252.0036,162.00635
1,0.9375,352.1999,252.0034,162.00604
1,0.94166666,352.1999,252.00311,162.00574
1,0.9458333,352.1999,252.00282,162.0055
1,0.95,352.1999,252.0025,162.00522
1,0.95416665,352.1999,252.00218,162.00494
1,0.9583333,352.1999,252.00177,162.00473
1,0.9625,352.1999,252.0014,162.00452
1,0.96666664,352.1999,252.00098,162.00427
1,0.97083336,352.1999,252.00055,162.00409
1,0.975,352.1999,252.0001,162.00385
1,0.9791667,352.1999,251.99965,162.0037
1,0.98333335,352.1999,251.9992,162.00348
1,0.9875,352.1999,251.99878,162.00333
1,0.9916667,352.1999,251.99835,162.00317
1,0.99583334,352.1999,251.99792,162.00299
1,1.0,352.1999,251.9975,162.00287
2,0.0,129.4,251.99304,162.0
2,0.004166667,131.4849,251.99304,162.0
2,0.008333334,137.20825,252.16173,162.00006
2,0.0125,145.8588,252.88202,162.00046
2,0.016666668,156.82751,254.48473,162.00189
2,0.020833334,169.59485,257.12274,162.0054
2,0.025,183.71918,260.82532,162.01248
2,0.029166667,198.82663,265.54852,162.02472
2,0.033333335,214.60217,271.2058,162.04382
2,0.0375,230.7818,277.6856,162.07147
2,0.041666668,247.14578,284.86188,162.10919
2,0.045833334,263.51248,292.60144,162.15833
2,0.05,279.7332,300.76837,162.21991
2,0.054166667,295.6875,309.22742,162.2948
2,0.058333334,311.27924,317.84668,162.38345
2,0.0625,326.4329,326.49896,162.48615
2,0.06666667,341.09067,335.06366,162.60278
2,0.07083333,355.20972,343.42737,162.73315
2,0.075,368.75983,351.4851,162.87665
2,0.079166666,381.72137,359.14038,163.03253
2,0.083333336,394.08374,366.30615,163.19983
2,0.0875,405.8435,372.90442,163.37753
2,0.09166667,417.00348,378.8673,163.56439
2,0.09583333,427.5713,384.13635,163.75903
2,0.1,437.5586,388.66296,163.96008
2,0.104166664,446.98016,392.4086,164.16602
2,0.108333334,455.8532,395.34457,164.37549
2,0.1125,464.19684,397.45178,164.58707
2,0.11666667,472.03143,398.7212,164.79944
2,0.12083333,479.37836,399.1532,165.01141
2,0.125,486.25946,398.75732,165.22174
2,0.12916666,492.69684,397.5524,165.42926
2,0.13333334,498.71265,395.56555,165.633
2,0.1375,504.32883,392.8321,165.83185
2,0.14166667,509.56696,389.39465,166.0249
2,0.14583333,514.4481,385.3026,166.21136
2,0.15,518.99286,380.61108,166.39035
2,0.15416667,523.22095,375.38025,166.56116
2,0.15833333,527.15155,369.67407,166.72314
2,0.1625,530.803,363.55957,166.87567
2,0.16666667,534.19275,357.1057,167.01831
2,0.17083333,537.3376,350.38208,167.15057
2,0.175,540.2534,343.45847,167.2721
2,0.17916666,542.9554,336.40317,167.3826
2,0.18333334,545.45776,329.28284,167.48187
2,0.1875,547.77405,322.16138,167.56976
2,0.19166666,549.91705,315.09924,167.64624
2,0.19583334,551.89874,308.1527,167.71121
2,0.2,553.7304,301.3759,167.76697
2,0.20416667,555.42267,294.818,167.81567
2,0.20833333,556.9855,288.5205,167.85727
2,0.2125,558.4281,282.52002,167.89185
2,0.21666667,559.75934,276.8474,167.91953
2,0.22083333,560.98724,271.52817,167.9403
2,0.225,562.1195,266.58228,167.9544
2,0.22916667,563.16315,262.0248,167.96185
2,0.23333333,564.1248,257.8656,167.96283
2,0.2375,565.0106,254.10974,167.95746
2,0.24166666,565.82635,250.75793,167.94598
2,0.24583334,566.5773,247.80676,167.92847
2,0.25,567.2684,245.2489,167.90521
2,0.25416666,567.9042,243.07382,167.87637
2,0.25833333,568.489,241.26779,167.84216
2,0.2625,569.0268,239.81458,167.80286
2,0.26666668,569.5212,238.69568,167.7586
2,0.27083334,569.9756,237.89075,167.70972
2,0.275,570.3931,237.3779,167.65637
2,0.27916667,570.7767,237.13428,167.59885
2,0.28333333,571.12897,237.13611,167.53738
2,0.2875,571.45245,237.35916,167.47223
2,0.29166666,571.7494,237.77917,167.40363
2,0.29583332,572.022,238.37195,167.33185
2,0.3,572.2721,239.1135,167.25711
2,0.30416667,572.5016,239.98059,167.17963
2,0.30833334,572.7121,240.95084,167.09973
2,0.3125,572.90515,242.00269,167.01755
2,0.31666666,573.0822,243.11575,166.93335
2,0.32083333,573.24457,244.27087,166.84741
2,0.325,573.3934,245.45016,166.75986
2,0.32916668,573.5297,246.63718,166.67096
2,0.33333334,573.65466,247.81699,166.5809
2,0.3375,573.76917,248.97607,166.48987
2,0.34166667,573.8741,250.10242,166.39807
2,0.34583333,573.97015,251.18555,166.30566
2,0.35,574.05817,252.21631,166.21289
2,0.35416666,574.13873,253.18726,166.11981
2,0.35833332,574.21246,254.09216,166.02661
2,0.3625,574.27997,254.92593,165.9335
2,0.36666667,574.3418,255.68515,165.84058
2,0.37083334,574.3984,256.3673,165.74796
2,0.375,574.45013,256.97095,165.65576
2,0.37916666,574.4975,257.49576,165.56415
2,0.38333333,574.54083,257.9425,165.47327
2,0.3875,574.58044,258.31238,165.38306
2,0.39166668,574.6167,258.60767,165.29376
2,0.39583334,574.64984,258.83105,165.20544
2,0.4,574.6802,258.98596,165.11813
2,0.40416667,574.7079,259.0763,165.03192
2,0.40833333,574.7332,259.10608,164.9469
2,0.4125,574.75635,259.07996,164.8631
2,0.41666666,574.7775,259.00256,164.78061
2,0.42083332,574.7969,258.87878,164.69946
2,0.425,574.8146,258.71362,164.61966
2,0.42916667,574.83075,258.51196,164.54132
2,0.43333334,574.8455,258.2788,164.46439
2,0.4375,574.859,258.01904,164.38898
2,0.44166666,574.87134,257.73718,164.31506
2,0.44583333,574.88257,257.43787,164.24265
2,0.45,574.8928,257.1255,164.17181
2,0.45416668,574.9022,256.80396,164.10251
2,0.45833334,574.91077,256.47717,164.03476
2,0.4625,574.9186,256.14868,163.96857
2,0.46666667,574.9257,255.82166,163.90399
2,0.47083333,574.93225,255.49905,163.84094
2,0.475,574.9382,255.1836,163.77942
2,0.47916666,574.9436,254.87744,163.71951
2,0.48333332,574.94855,254.58276,163.66113
2,0.4875,574.95306,254.30115,163.60428
2,0.49166667,574.9572,254.03409,163.54895
2,0.49583334,574.961,253.78271,163.49512
2,0.5,574.9644,253.54785,163.44278
2,0.50416666,574.9675,253.3302,163.3919
2,0.5083333,574.9704,253.13013,163.34247
2,0.5125,574.973,252.94775,163.2945
2,0.51666665,574.9754,252.78308,163.24792
2,0.5208333,574.9776,252.63586,163.20276
2,0.525,574.97955,252.50574,163.1589
2,0.52916664,574.9814,252.39218,163.11642
2,0.53333336,574.98303,252.29456,163.07526
2,0.5375,574.98456,252.21213,163.03534
2,0.5416667,574.9859,252.14395,162.9967
2,0.54583335,574.9871,252.08923,162.95929
2,0.55,574.9883,252.04703,162.9231
2,0.5541667,574.9893,252.01624,162.88809
2,0.55833334,574.9903,251.99585,162.85422
2,0.5625,574.99115,251.98486,162.82147
2,0.56666666,574.99194,251.98221,162.78986
2,0.5708333,574.9927,251.98691,162.75928
2,0.575,574.99335,251.9979,162.72974
2,0.57916665,574.99396,252.01419,162.70123
2,0.5833333,574.9945,252.035,162.6737
2,0.5875,574.995,252.0593,162.64713
2,0.59166664,574.9954,252.0863,162.62149
2,0.59583336,574.99585,252.1152,162.59677
2,0.6,574.9962,252.14526,162.57294
2,0.6041667,574.9966,252.17593,162.54993
2,0.60833335,574.9969,252.20654,162.5278
2,0.6125,574.9972,252.23657,162.50647
2,0.6166667,574.99744,252.2656,162.4859
2,0.62083334,574.9977,252.29309,162.4661
2,0.625,574.99786,252.31876,162.44702
2,0.62916666,574.99805,252.3424,162.42865
2,0.6333333,574.9982,252.36368,162.41101
2,0.6375,574.9984,252.38245,162.39398
2,0.64166665,574.99854,252.39865,162.37762
2,0.6458333,574.99866,252.41211,162.36194
2,0.65,574.9988,252.42282,162.3468
2,0.65416664,574.9989,252.43079,162.33228
2,0.65833336,574.999,252.43604,162.3183
2,0.6625,574.9991,252.43863,162.30487
2,0.6666667,574.99915,252.43875,162.29196
2,0.67083335,574.9992,252.4364,162.27954
2,0.675,574.99927,252.43188,162.26767
2,0.6791667,574.9993,252.42514,162.25623
2,0.68333334,574.9994,252.41647,162.24524
2,0.6875,574.99945,252.406,162.23471
2,0.69166666,574.9995,252.39404,162.22461
2,0.6958333,574.9996,252.38062,162.2149
2,0.7,574.99963,252.36606,162.2056
2,0.70416665,574.9997,252.35046,162.19666
2,0.7083333,574.99976,252.33408,162.18811
2,0.7125,574.99976,252.31702,162.17987
2,0.71666664,574.99976,252.29956,162.172
2,0.72083336,574.99976,252.28177,162.16446
2,0.725,574.99976,252.26392,162.15723
2,0.7291667,574.99976,252.24606,162.15027
2,0.73333335,574.99976,252.2283,162.14365
2,0.7375,574.99976,252.21094,162.13727
2,0.7416667,574.99976,252.19385,162.13116
2,0.74583334,574.99976,252.17737,162.12537
2,0.75,574.99976,252.16138,162.11975
2,0.75416666,574.99976,252.14609,162.11441
2,0.7583333,574.99976,252.13147,162.10925
2,0.7625,574.99976,252.11768,162.10437
2,0.76666665,574.99976,252.10474,162.09967
2,0.7708333,574.99976,252.09253,162.09515
2,0.775,574.99976,252.08127,162.09088
2,0.77916664,574.99976,252.0708,162.08673
2,0.78333336,574.99976,252.06128,162.08282
2,0.7875,574.99976,252.05258,162.07904
2,0.7916667,574.99976,252.04468,162.07544
2,0.79583335,574.99976,252.03763,162.07202
2,0.8,574.99976,252.03137,162.06873
2,0.8041667,574.99976,252.02588,162.06555
2,0.80833334,574.99976,252.02112,162.06256
2,0.8125,574.99976,252.01706,162.0597
2,0.81666666,574.99976,252.01355,162.05695
2,0.8208333,574.99976,252.01074,162.05432
2,0.825,574.99976,252.00842,162.05179
2,0.82916665,574.99976,252.00659,162.04938
2,0.8333333,574.99976,252.00525,162.04712
2,0.8375,574.99976,252.00427,162.04492
2,0.84166664,574.99976,252.0037,162.04285
2,0.84583336,574.99976,252.00342,162.04083
2,0.85,574.99976,252.00342,162.03894
2,0.8541667,574.99976,252.00363,162.03711
2,0.85833335,574.99976,252.00403,162.0354
2,0.8625,574.99976,252.00464,162.03372
2,0.8666667,574.99976,252.00528,162.03214
2,0.87083334,574.99976,252.00607,162.03061
2,0.875,574.99976,252.00684,162.02917
2,0.87916666,574.99976,252.00769,162.02777
2,0.8833333,574.99976,252.00854,162.02649
2,0.8875,574.99976,252.0094,162.02524
2,0.89166665,574.99976,252.01022,162.02405
2,0.8958333,574.99976,252.01096,162.02289
2,0.9,574.99976,252.0116,162.02179
2,0.90416664,574.99976,252.0122,162.02078
2,0.90833336,574.99976,252.0127,162.01978
2,0.9125,574.99976,252.01315,162.01883
2,0.9166667,574.99976,252.01346,162.01794
2,0.92083335,574.99976,252.01367,162.01709
2,0.925,574.99976,252.0138,162.01627
2,0.9291667,574.99976,252.01382,162.0155
2,0.93333334,574.99976,252.01376,162.01474
2,0.9375,574.99976,252.01358,162.01404
2,0.94166666,574.99976,252.0133,162.01337
2,0.9458333,574.99976,252.01297,162.0127
2,0.95,574.99976,252.01257,162.01212
2,0.95416665,574.99976,252.01208,162.0115
2,0.9583333,574.99976,252.01147,162.01096
2,0.9625,574.99976,252.0109,162.01044
2,0.96666664,574.99976,252.01025,162.00995
2,0.97083336,574.99976,252.00952,162.00946
2,0.975,574.99976,252.00879,162.00897
2,0.9791667,574.99976,252.00806,162.00854
2,0.98333335,574.99976,252.0072,162.00812
2,0.9875,574.99976,252.00644,162.00775
2,0.9916667,574.99976,252.00562,162.00735
2,0.99583334,574.99976,252.00479,162.00699
2,1.0,574.99976,252.00403,162.00665
3,0.0,129.4,251.99304,162.0
3,0.004166667,132.52728,251.99304,162.0
3,0.008333334,141.11237,252.30971,162.00012
3,0.0125,154.08813,253.51825,162.0008
3,0.016666668,170.5412,255.9613,162.00314
3,0.020833334,189.69226,259.71362,162.00867
3,0.025,210.87878,264.7257,162.01923
3,0.029166667,233.53992,270.89026,162.03693
3,0.033333335,257.2032,278.0713,162.06369
3,0.0375,281.4726,286.11932,162.1015
3,0.041666668,306.01852,294.87915,162.15201
3,0.045833334,330.5686,304.1952,162.21655
3,0.05,354.89972,313.91504,162.29626
3,0.054166667,378.8312,323.8915,162.39188
3,0.058333334,402.2188,333.98438,162.50378
3,0.0625,424.94928,344.0619,162.63211
3,0.06666667,446.93594,354.00137,162.77664
3,0.07083333,468.1145,363.68967,162.93695
3,0.075,488.4396,373.02374,163.11237
3,0.079166666,507.88196,381.9109,163.30194
3,0.083333336,526.4255,390.2682,163.50464
3,0.0875,544.0652,398.02307,163.71924
3,0.09166667,560.8052,405.1123,163.9444
3,0.09583333,576.65686,411.48242,164.17871
3,0.1,591.6378,417.08875,164.42068
3,0.104166664,605.77014,421.89514,164.66876
3,0.108333334,619.0797,425.87402,164.92139
3,0.1125,631.59515,429.00537,165.17694
3,0.11666667,643.34705,431.27673,165.43402
3,0.12083333,654.36743,432.68286,165.6911
3,0.125,664.6891,433.2257,165.94696
3,0.12916666,674.34515,432.9137,166.20029
3,0.13333334,683.3689,431.76184,166.44992
3,0.1375,691.79315,429.79187,166.69476
3,0.14166667,699.6504,427.03137,166.93384
3,0.14583333,706.97217,423.5144,167.16614
3,0.15,713.78925,419.281,167.39075
3,0.15416667,720.1314,414.3766,167.60687
3,0.15833333,726.0273,408.8523,167.81378
3,0.1625,731.5044,402.76367,168.01068
3,0.16666667,736.58905,396.17078,168.19702
3,0.17083333,741.30634,389.13745,168.3722
3,0.175,745.6801,381.73035,168.53568
3,0.17916666,749.73303,374.01782,168.68704
3,0.18333334,753.4866,366.0697,168.82593
3,0.1875,756.961,357.9557,168.95203
3,0.19166666,760.1755,349.74512,169.0651
3,0.19583334,763.148,341.5055,169.16498
3,0.2,765.8955,333.30176,169.25156
3,0.20416667,768.4339,325.19617,169.32483
3,0.20833333,770.7781,317.24927,169.38742
3,0.2125,772.942,309.5172,169.44183
3,0.21666667,774.93884,302.04858,169.48804
3,0.22083333,776.7807,294.8871,169.52612
3,0.225,778.47906,288.07043,169.55609
3,0.22916667,780.04456,281.63086,169.57806
3,0.23333333,781.48706,275.5952,169.5921
3,0.2375,782.8158,269.98425,169.59833
3,0.24166666,784.03937,264.81323,169.59686
3,0.24583334,785.1658,260.0924,169.58792
3,0.25,786.2024,255.82666,169.57162
3,0.25416666,787.1561,252.01599,169.54816
3,0.25833333,788.0334,248.65613,169.51773
3,0.2625,788.8401,245.73865,169.48059
3,0.26666668,789.58167,243.25134,169.43695
3,0.27083334,790.26324,241.17883,169.38705
3,0.275,790.8895,239.50269,169.33118
3,0.27916667,791.46484,238.2024,169.26959
3,0.28333333,791.9933,237.25488,169.20251
3,0.2875,792.4785,236.63599,169.13031
3,0.29166666,792.92395,236.31982,169.05325
3,0.29583332,793.3328,236.28003,168.97156
3,0.3,793.708,236.4895,168.88562
3,0.30416667,794.05225,236.92102,168.79565
3,0.30833334,794.36804,237.5476,168.70197
3,0.3125,794.65765,238.3424,168.60489
3,0.31666666,794.9232,239.27966,168.50464
3,0.32083333,795.1667,240.33398,168.40155
3,0.325,795.3899,241.48145,168.2959
3,0.32916668,795.5945,242.69922,168.18796
3,0.33333334,795.7819,243.9657,168.07797
3,0.3375,795.9537,245.26099,167.96619
3,0.34166667,796.111,246.56653,167.8529
3,0.34583333,796.2551,247.86572,167.73834
3,0.35,796.3871,249.14319,167.62274
3,0.35416666,796.50793,250.3855,167.50629
3,0.35833332,796.6186,251.58069,167.38925
3,0.3625,796.71985,252.71887,167.27182
3,0.36666667,796.81256,253.79114,167.15417
3,0.37083334,796.8974,254.79053,167.03653
3,0.375,796.97504,255.71155,166.91904
3,0.37916666,797.0461,256.54993,166.80188
3,0.38333333,797.1111,257.30298,166.68524
3,0.3875,797.17053,257.969,166.56921
3,0.39166668,797.2249,258.5475,166.45398
3,0.39583334,797.27466,259.03906,166.33966
3,0.4,797.3201,259.4452,166.22638
3,0.40416667,797.3617,259.7682,166.11426
3,0.40833333,797.3997,260.01123,166.00336
3,0.4125,797.43445,260.17786,165.89386
3,0.41666666,797.4662,260.27246,165.78577
3,0.42083332,797.4952,260.29944,165.67914
3,0.425,797.5217,260.26404,165.57416
3,0.42916667,797.54596,260.17126,165.47083
3,0.43333334,797.5681,260.02686,165.3692
3,0.4375,797.5883,259.83582,165.26932
3,0.44166666,797.6068,259.60413,165.17126
3,0.44583333,797.6237,259.33704,165.07501
3,0.45,797.63916,259.04004,164.98068
3,0.45416668,797.65326,258.71838,164.88824
3,0.45833334,797.66614,258.37708,164.79773
3,0.4625,797.67786,258.021,164.70917
3,0.46666667,797.6886,257.65454,164.62256
3,0.47083333,797.69836,257.28223,164.5379
3,0.475,797.7073,256.9077,164.45523
3,0.47916666,797.71545,256.5349,164.37451
3,0.48333332,797.7229,256.167,164.2958
3,0.4875,797.7297,255.80688,164.219
3,0.49166667,797.73584,255.45728,164.1442
3,0.49583334,797.7415,255.12036,164.07129
3,0.5,797.74664,254.7981,164.00037
3,0.50416666,797.75134,254.49219,163.93127
3,0.5083333,797.7556,254.20374,163.86414
3,0.5125,797.7595,253.93384,163.79883
3,0.51666665,797.7631,253.68323,163.73535
3,0.5208333,797.76636,253.45227,163.6737
3,0.525,797.76935,253.24121,163.61383
3,0.52916664,797.77203,253.05017,163.55573
3,0.53333336,797.77454,252.87866,163.49939
3,0.5375,797.7768,252.72644,163.4447
3,0.5416667,797.7789,252.5929,163.39172
3,0.54583335,797.78076,252.4773,163.3404
3,0.55,797.7825,252.3789,163.29065
3,0.5541667,797.78406,252.29663,163.24243
3,0.55833334,797.78546,252.22961,163.1958
3,0.5625,797.78674,252.17676,163.1507
3,0.56666666,797.7879,252.13684,163.10706
3,0.5708333,797.789,252.10876,163.06482
3,0.575,797.79,252.09131,163.02399
3,0.57916665,797.7909,252.0835,162.98456
3,0.5833333,797.7917,252.0841,162.94644
3,0.5875,797.7924,252.09192,162.9096
3,0.59166664,797.7931,252.10583,162.87408
3,0.59583336,797.7937,252.125,162.83978
3,0.6,797.79425,252.1482,162.80664
3,0.6041667,797.79474,252.17468,162.77472
3,0.60833335,797.7952,252.20349,162.7439
3,0.6125,797.79565,252.23376,162.71417
3,0.6166667,797.796,252.2649,162.68555
3,0.62083334,797.7964,252.29614,162.65796
3,0.625,797.7967,252.32678,162.63135
3,0.62916666,797.797,252.35657,162.60571
3,0.6333333,797.79724,252.38477,162.58102
3,0.6375,797.7975,252.41113,162.55725
3,0.64166665,797.7977,252.43518,162.53436
3,0.6458333,797.7979,252.45679,162.51236
3,0.65,797.7981,252.47583,162.49118
3,0.65416664,797.7983,252.49182,162.47083
3,0.65833336,797.79846,252.50513,162.4512
3,0.6625,797.7986,252.51538,162.43237
3,0.6666667,797.7987,252.52258,162.41425
3,0.67083335,797.7988,252.52686,162.39682
3,0.675,797.79895,252.52832,162.38007
3,0.6791667,797.7991,252.52698,162.36401
3,0.68333334,797.79913,252.52307,162.34857
3,0.6875,797.7992,252.5166,162.33371
3,0.69166666,797.79926,252.50781,162.31946
3,0.6958333,797.7993,252.49695,162.30579
3,0.7,797.7994,252.48413,162.29266
3,0.70416665,797.79944,252.4696,162.28006
3,0.7083333,797.7995,252.45361,162.26794
3,0.7125,797.79956,252.43628,162.25635
3,0.71666664,797.7996,252.41785,162.24524
3,0.72083336,797.7997,252.39856,162.23456
3,0.725,797.79974,252.37866,162.2243
3,0.7291667,797.79974,252.35815,162.21448
3,0.73333335,797.79974,252.33752,162.20508
3,0.7375,797.79974,252.31665,162.19608
3,0.7416667,797.79974,252.29578,162.18744
3,0.74583334,797.79974,252.27527,162.17914
3,0.75,797.79974,252.255,162.1712
3,0.75416666,797.79974,252.23523,162.1636
3,0.7583333,797.79974,252.21594,162.15631
3,0.7625,797.79974,252.19739,162.14935
3,0.76666665,797.79974,252.17969,162.14267
3,0.7708333,797.79974,252.16272,162.13629
3,0.775,797.79974,252.1466,162.13016
3,0.77916664,797.79974,252.13147,162.12433
3,0.78333336,797.79974,252.11731,162.11871
3,0.7875,797.79974,252.10413,162.11334
3,0.7916667,797.79974,252.09192,162.10822
3,0.79583335,797.79974,252.08057,162.1033
3,0.8,797.79974,252.07031,162.0986
3,0.8041667,797.79974,252.06104,162.09412
3,0.80833334,797.79974,252.05261,162.08981
3,0.8125,797.79974,252.04529,162.08572
3,0.81666666,797.79974,252.0387,162.08179
3,0.8208333,797.79974,252.03284,162.07803
3,0.825,797.79974,252.02783,162.07446
3,0.82916665,797.79974,252.02356,162.07104
3,0.8333333,797.79974,252.02002,162.06775
3,0.8375,797.79974,252.01709,162.06464
3,0.84166664,797.79974,252.01465,162.06165
3,0.84583336,797.79974,252.01282,162.05878
3,0.85,797.79974,252.01147,162.05603
3,0.8541667,797.79974,252.0105,162.05344
3,0.85833335,797.79974,252.00989,162.05096
3,0.8625,797.79974,252.00964,162.04858
3,0.8666667,797.79974,252.00964,162.04633
3,0.87083334,797.79974,252.00989,162.04413
3,0.875,797.79974,252.01025,162.04205
3,0.87916666,797.79974,252.01074,162.0401
3,0.8833333,797.79974,252.01147,162.03821
3,0.8875,797.79974,252.01208,162.0364
3,0.89166665,797.79974,252.01294,162.03467
3,0.8958333,797.79974,252.01367,162.03302
3,0.9,797.79974,252.0144,162.0315
3,0.90416664,797.79974,252.01514,162.03
3,0.90833336,797.79974,252.01587,162.02856
3,0.9125,797.79974,252.01648,162.02722
3,0.9166667,797.79974,252.01697,162.02591
3,0.92083335,797.79974,252.01746,162.02466
3,0.925,797.79974,252.01782,162.0235
3,0.9291667,797.79974,252.01807,162.0224
3,0.93333334,797.79974,252.01819,162.0213
3,0.9375,797.79974,252.01831,162.0203
3,0.94166666,797.79974,252.01819,162.01935
3,0.9458333,797.79974,252.01807,162.0184
3,0.95,797.79974,252.01782,162.01752
3,0.95416665,797.79974,252.01746,162.01666
3,0.9583333,797.79974,252.01697,162.01587
3,0.9625,797.79974,252.01636,162.0151
3,0.96666664,797.79974,252.01575,162.01437
3,0.97083336,797.79974,252.01514,162.01367
3,0.975,797.79974,252.0144,162.013
3,0.9791667,797.79974,252.01355,162.01239
3,0.98333335,797.79974,252.0127,162.01178
3,0.9875,797.79974,252.01184,162.01123
3,0.9916667,797.79974,252.01086,162.01068
3,0.99583334,797.79974,252.01001,162.01016
3,1.0,797.79974,252.00903,162.00964
4,0.0,129.4,251.99304,162.0
4,0.004166667,133.5697,251.99304,162.0
4,0.008333334,145.01648,252.45007,162.00015
4,0.0125,162.31757,254.0589,162.0011
4,0.016666668,184.255,257.10046,162.00421
4,0.020833334,209.78973,261.57294,162.01123
4,0.025,238.03839,267.37347,162.02435
4,0.029166667,268.2533,274.35864,162.04572
4,0.033333335,299.80438,282.36768,162.07758
4,0.0375,332.16364,291.23328,162.12183
4,0.041666668,364.8916,300.78784,162.18018
4,0.045833334,397.625,310.86743,162.25397
4,0.05,430.0664,321.31384,162.34424
4,0.054166667,461.97504,331.97714,162.45163
4,0.058333334,493.1585,342.71606,162.57648
4,0.0625,523.4658,353.39954,162.71875
4,0.06666667,552.7814,363.90723,162.87811
4,0.07083333,581.0194,374.12964,163.05414
4,0.075,608.1196,383.96826,163.24594
4,0.079166666,634.0427,393.33594,163.45258
4,0.083333336,658.76746,402.15613,163.67291
4,0.0875,682.28705,410.36288,163.90564
4,0.09166667,704.607,417.90027,164.14948
4,0.09583333,725.7426,424.72217,164.40286
4,0.1,745.71716,430.79102,164.66437
4,0.104166664,764.5603,436.07788,164.93243
4,0.108333334,782.3064,440.5614,165.20557
4,0.1125,798.99365,444.22705,165.48212
4,0.11666667,814.66284,447.0669,165.76062
4,0.12083333,829.3567,449.07843,166.03955
4,0.125,843.1189,450.2647,166.3175
4,0.12916666,855.99365,450.63354,166.5932
4,0.13333334,868.02527,450.19696,166.86548
4,0.1375,879.2576,448.97107,167.13318
4,0.14166667,889.7339,446.9765,167.39526
4,0.14583333,899.4962,444.23712,167.65082
4,0.15,908.5857,440.781,167.89893
4,0.15416667,917.0419,436.64014,168.1388
4,0.15833333,924.903,431.85028,168.36969
4,0.1625,932.2058,426.45166,168.59088
4,0.16666667,938.98535,420.48804,168.80176
4,0.17083333,942.9929,414.00757,169.00166
4,0.175,943.35645,406.74487,169.19005
4,0.17916666,944.3536,398.51984,169.36632
4,0.18333334,945.8604,389.53308,169.52972
4,0.1875,947.77094,379.985,169.67966
4,0.19166666,949.9947,370.06482,169.8155
4,0.19583334,952.4547,359.94604,169.93677
4,0.2,955.08594,349.78314,170.04306
4,0.20416667,957.8335,339.7115,170.13411
4,0.20833333,960.6514,329.85052,170.21274
4,0.2125,963.50146,320.30127,170.2816
4,0.21666667,966.3519,311.14502,170.3407
4,0.22083333,969.17694,302.4474,170.39008
4,0.225,971.95557,294.25977,170.4299
4,0.22916667,974.671,286.6206,170.46017
4,0.23333333,977.3102,279.5569,170.48111
4,0.2375,979.863,273.08514,170.49289
4,0.24166666,982.32196,267.213,170.49567
4,0.24583334,984.6818,261.93958,170.48973
4,0.25,986.9392,257.25757,170.4753
4,0.25416666,989.0922,253.1535,170.45265
4,0.25833333,991.1403,249.60876,170.42206
4,0.2625,993.0839,246.60071,170.38382
4,0.26666668,994.9244,244.10266,170.33824
4,0.27083334,996.66376,242.08588,170.28566
4,0.275,998.30457,240.51904,170.22636
4,0.27916667,999.84985,239.36932,170.1607
4,0.28333333,1001.303,238.60272,170.08902
4,0.2875,1002.6674,238.18494,170.0116
4,0.29166666,1003.94696,238.08142,169.92882
4,0.29583332,1005.1453,238.25775,169.841
4,0.3,1006.2664,238.68011,169.74844
4,0.30416667,1007.3141,239.31567,169.65152
4,0.30833334,1008.2922,240.13245,169.55048
4,0.3125,1009.2044,241.10004,169.44574
4,0.31666666,1010.0545,242.18951,169.33752
4,0.32083333,1010.846,243.37335,169.22615
4,0.325,1011.58234,244.6261,169.11194
4,0.32916668,1012.26685,245.92426,168.99518
4,0.33333334,1012.9028,247.24591,168.87614
4,0.3375,1013.4931,248.57123,168.7551
4,0.34166667,1014.0408,249.88263,168.63231
4,0.34583333,1014.5486,251.1643,168.50801
4,0.35,1015.01917,252.40228,168.3825
4,0.35416666,1015.45496,253.58466,168.25598
4,0.35833332,1015.85834,254.7013,168.12868
4,0.3625,1016.23157,255.74414,168.00081
4,0.36666667,1016.5767,256.70618,167.87257
4,0.37083334,1016.8957,257.5827,167.74423
4,0.375,1017.1904,258.37012,167.61588
4,0.37916666,1017.4626,259.06628,167.48773
4,0.38333333,1017.7138,259.67035,167.35999
4,0.3875,1017.9457,260.18262,167.23277
4,0.39166668,1018.15955,260.6045,167.10626
4,0.39583334,1018.35675,260.9381,166.98056
4,0.4,1018.5385,261.18665,166.85583
4,0.40416667,1018.706,261.35406,166.73221
4,0.40833333,1018.8603,261.44446,166.60977
4,0.4125,1019.0024,261.463,166.48865
4,0.41666666,1019.1332,261.4148,166.36896
4,0.42083332,1019.25354,261.30542,166.25076
4,0.425,1019.36426,261.14062,166.13412
4,0.42916667,1019.4661,260.9262,166.01915
4,0.43333334,1019.5598,260.6682,165.90591
4,0.4375,1019.64594,260.37225,165.79446
4,0.44166666,1019.7251,260.04437,165.68484
4,0.44583333,1019.7978,259.68988,165.57715
4,0.45,1019.86456,259.3144,165.47137
4,0.45416668,1019.9259,258.9231,165.36757
4,0.45833334,1019.98224,258.52087,165.26576
4,0.4625,1020.03394,258.11206,165.166
4,0.46666667,1020.0814,257.70117,165.06827
4,0.47083333,1020.125,257.292,164.97263
4,0.475,1020.165,256.88806,164.87906
4,0.47916666,1020.20166,256.4926,164.78757
4,0.48333332,1020.2353,256.10834,164.69818
4,0.4875,1020.2661,255.7378,164.61087
4,0.49166667,1020.2944,255.38293,164.52567
4,0.49583334,1020.3203,255.04565,164.4425
4,0.5,1020.34406,254.72717,164.36143
4,0.50416666,1020.36584,254.42871,164.28244
4,0.5083333,1020.3858,254.151,164.20547
4,0.5125,1020.40405,253.89447,164.13052
4,0.51666665,1020.4208,253.65942,164.05759
4,0.5208333,1020.4361,253.44568,163.9866
4,0.525,1020.45013,253.25323,163.91762
4,0.52916664,1020.46295,253.08142,163.85054
4,0.53333336,1020.47473,252.92987,163.7854
4,0.5375,1020.4855,252.7976,163.7221
4,0.5416667,1020.4953,252.68396,163.66068
4,0.54583335,1020.50433,252.58777,163.60101
4,0.55,1020.5126,252.50806,163.5432
4,0.5541667,1020.52014,252.44354,163.4871
4,0.55833334,1020.52704,252.39313,163.43272
4,0.5625,1020.5333,252.35547,163.38007
4,0.56666666,1020.5391,252.32953,163.32901
4,0.5708333,1020.5444,252.31403,163.27959
4,0.575,1020.5492,252.30762,163.23175
4,0.57916665,1020.5536,252.30908,163.18544
4,0.5833333,1020.5576,252.31738,163.14066
4,0.5875,1020.5613,252.3313,163.09734
4,0.59166664,1020.56464,252.3498,163.05545
4,0.59583336,1020.5677,252.37195,163.01495
4,0.6,1020.5705,252.39679,162.97585
4,0.6041667,1020.57306,252.4234,162.93805
4,0.60833335,1020.5754,252.45087,162.90158
4,0.6125,1020.5775,252.47876,162.86635
4,0.6166667,1020.57947,252.50616,162.83234
4,0.62083334,1020.58124,252.53265,162.79953
4,0.625,1020.5829,252.5578,162.76788
4,0.62916666,1020.5844,252.58093,162.73735
4,0.6333333,1020.58575,252.60193,162.70792
4,0.6375,1020.587,252.6203,162.67955
4,0.64166665,1020.58813,252.63599,162.65219
4,0.6458333,1020.5892,252.6488,162.62585
4,0.65,1020.59015,252.65863,162.60046
4,0.65416664,1020.591,252.6654,162.57603
4,0.65833336,1020.5918,252.669,162.55252
4,0.6625,1020.5925,252.66968,162.52986
4,0.6666667,1020.5932,252.66736,162.50806
4,0.67083335,1020.5938,252.66223,162.48709
4,0.675,1020.59436,252.65448,162.46692
4,0.6791667,1020.59485,252.64404,162.44751
4,0.68333334,1020.5953,252.63123,162.42883
4,0.6875,1020.5957,252.61627,162.41089
4,0.69166666,1020.59607,252.59943,162.39365
4,0.6958333,1020.59644,252.58081,162.37708
4,0.7,1020.59674,252.56067,162.36115
4,0.70416665,1020.59705,252.53925,162.34586
4,0.7083333,1020.5973,252.51678,162.33118
4,0.7125,1020.59753,252.49341,162.31705
4,0.71666664,1020.5978,252.46948,162.30353
4,0.72083336,1020.59796,252.445,162.2905
4,0.725,1020.59814,252.42041,162.27802
4,0.7291667,1020.5983,252.39581,162.26602
4,0.73333335,1020.59845,252.37122,162.25452
4,0.7375,1020.5986,252.34705,162.2435
4,0.7416667,1020.5987,252.3233,162.23291
4,0.74583334,1020.5988,252.30011,162.22278
4,0.75,1020.59894,252.27753,162.21304
4,0.75416666,1020.59906,252.2558,162.20374
4,0.7583333,1020.5991,252.23492,162.19476
4,0.7625,1020.5992,252.21515,162.18622
4,0.76666665,1020.59924,252.19623,162.17798
4,0.7708333,1020.5993,252.17834,162.17014
4,0.775,1020.59937,252.16162,162.1626
4,0.77916664,1020.5994,252.14594,162.1554
4,0.78333336,1020.5995,252.13153,162.14847
4,0.7875,1020.59955,252.11804,162.14185
4,0.7916667,1020.5996,252.10571,162.1355
4,0.79583335,1020.5997,252.09454,162.12943
4,0.8,1020.59973,252.08429,162.1236
4,0.8041667,1020.5998,252.07513,162.11807
4,0.80833334,1020.5998,252.06702,162.11273
4,0.8125,1020.5998,252.0597,162.10767
4,0.81666666,1020.5998,252.05334,162.10278
4,0.8208333,1020.5998,252.04773,162.09814
4,0.825,1020.5998,252.04303,162.09366
4,0.82916665,1020.5998,252.03894,162.08942
4,0.8333333,1020.5998,252.03552,162.08533
4,0.8375,1020.5998,252.03265,162.08142
4,0.84166664,1020.5998,252.0304,162.0777
4,0.84583336,1020.5998,252.02863,162.07416
4,0.85,1020.5998,252.02722,162.07074
4,0.8541667,1020.5998,252.02625,162.06747
4,0.85833335,1020.5998,252.02551,162.06436
4,0.8625,1020.5998,252.02509,162.0614
4,0.8666667,1020.5998,252.02496,162.05853
4,0.87083334,1020.5998,252.02496,162.05585
4,0.875,1020.5998,252.02502,162.05322
4,0.87916666,1020.5998,252.02527,162.05078
4,0.8833333,1020.5998,252.02551,162.0484
4,0.8875,1020.5998,252.02594,162.04614
4,0.89166665,1020.5998,252.02625,162.044
4,0.8958333,1020.5998,252.02649,162.04193
4,0.9,1020.5998,252.02692,162.03998
4,0.90416664,1020.5998,252.02704,162.03809
4,0.90833336,1020.5998,252.02722,162.03632
4,0.9125,1020.5998,252.0274,162.0346
4,0.9166667,1020.5998,252.0274,162.03296
4,0.92083335,1020.5998,252.02728,162.0314
4,0.925,1020.5998,252.02704,162.0299
4,0.9291667,1020.5998,252.0268,162.0285
4,0.93333334,1020.5998,252.02649,162.02716
4,0.9375,1020.5998,252.026,162.02588
4,0.94166666,1020.5998,252.02545,162.02466
4,0.9458333,1020.5998,252.02478,162.02347
4,0.95,1020.5998,252.02405,162.02234
4,0.95416665,1020.5998,252.02313,162.0213
4,0.9583333,1020.5998,252.02234,162.02026
4,0.9625,1020.5998,252.02136,162.01929
4,0.96666664,1020.5998,252.02032,162.01837
4,0.97083336,1020.5998,252.01923,162.01752
4,0.975,1020.5998,252.01819,162.01666
4,0.9791667,1020.5998,252.01697,162.01587
4,0.98333335,1020.5998,252.01581,162.01508
4,0.9875,1020.5998,252.01471,162.01437
4,0.9916667,1020.5998,252.01355,162.01367
4,0.99583334,1020.5998,252.01233,162.013
4,1.0,1020.5998,252.01111,162.01239