gesture,target,time,width,height,formation
held,2,0.008333334,96.79145,76.79936,0.9999998
held,2,0.016666668,96.79159,76.79947,0.9999998
held,2,0.025,96.80256,76.79892,0.9999998
held,2,0.033333335,96.85195,76.7962,0.9999998
held,2,0.041666668,96.96939,76.78949,0.9999998
held,2,0.05,97.17334,76.77759,0.9999998
held,2,0.058333334,97.468414,76.75995,0.9999998
held,2,0.06666667,97.84741,76.736725,0.9999998
held,2,0.075,98.29523,76.708435,0.9999998
held,2,0.083333336,98.79242,76.675964,0.9999998
held,2,0.09166667,99.31833,76.64029,0.9999998
held,2,0.1,99.85322,76.60242,0.9999998
held,2,0.108333334,100.37988,76.56326,0.9999998
held,2,0.11666667,100.884125,76.52374,0.9999998
held,2,0.125,101.35535,76.48456,0.9999998
held,2,0.13333334,101.78611,76.44629,0.9999998
held,2,0.14166667,102.17212,76.40944,0.9999998
held,2,0.15,102.5116,76.37436,0.9999998
held,2,0.15833333,102.80483,76.34128,0.9999998
held,2,0.16666667,103.05371,76.31036,0.9999998
held,2,0.175,103.26129,76.28171,0.9999998
held,2,0.18333334,103.431335,76.255295,0.9999998
held,2,0.19166666,103.56799,76.231125,0.9999998
held,2,0.2,103.6756,76.20912,0.9999998
held,2,0.20833333,103.75833,76.18918,0.9999998
held,2,0.21666667,103.82022,76.1712,0.9999998
held,2,0.225,103.86499,76.15506,0.9999998
held,2,0.23333333,103.895905,76.14061,0.9999998
held,2,0.24166666,103.91586,76.12773,0.9999998
held,2,0.25,103.92737,76.11627,0.9999998
held,2,0.25833333,103.93251,76.106125,0.9999998
held,2,0.26666668,103.93297,76.09715,0.9999998
held,2,0.275,103.93002,76.08925,0.9999998
held,2,0.28333333,103.924774,76.082306,0.9999998
held,2,0.29166666,103.91809,76.07623,0.9999998
held,2,0.3,103.880905,76.0726,0.9999998
held,2,0.30833334,103.750244,76.07489,0.9999998
held,2,0.31666666,103.49988,76.08481,0.9999998
held,2,0.325,103.1322,76.10248,0.9999998
held,2,0.33333334,102.66617,76.1272,0.9999998
held,2,0.34166667,102.128555,76.157776,0.9999998
held,2,0.35,101.54822,76.19281,0.9999998
held,2,0.35833332,100.952286,76.23099,0.9999998
held,2,0.36666667,100.364075,76.270996,0.9999998
held,2,0.375,99.802246,76.31174,0.9999998
held,2,0.38333333,99.280365,76.352264,0.9999998
held,2,0.39166668,98.807556,76.39188,0.9999998
held,2,0.4,98.38873,76.42996,0.9999998
held,2,0.40833333,98.0255,76.466156,0.9999998
held,2,0.41666666,97.7169,76.50014,0.9999998
held,2,0.425,97.45996,76.53175,0.9999998
held,2,0.43333334,97.25044,76.56091,0.9999998
held,2,0.44166666,97.08334,76.58765,0.9999998
held,2,0.45,96.95331,76.611984,0.9999998
held,2,0.45833334,96.85498,76.634,0.9999998
held,2,0.46666667,96.78314,76.65384,0.9999998
held,2,0.475,96.73303,76.67163,0.9999998
held,2,0.48333332,96.70029,76.6875,0.9999998
held,2,0.49166667,96.68109,76.70163,0.9999998
held,2,0.5,96.67229,76.71414,0.9999998
held,2,0.5083333,96.67105,76.725204,0.9999998
held,2,0.51666665,96.67514,76.734955,0.9999998
held,2,0.525,96.68277,76.74353,0.9999998
held,2,0.53333336,96.692566,76.75104,0.9999998
held,2,0.5416667,96.70343,76.757614,0.9999998
held,2,0.55,96.71452,76.76335,0.9999998
held,2,0.55833334,96.72534,76.76837,0.9999998
held,2,0.56666666,96.735504,76.772705,0.9999998
held,2,0.575,96.74478,76.77649,0.9999998
held,2,0.5833333,96.75302,76.77977,0.9999998
held,2,0.59166664,96.76022,76.78259,0.9999998
held,2,0.6,96.76639,76.785065,0.9999998
held,2,0.60833335,96.771576,76.78717,0.9999998
held,2,0.6166667,96.77591,76.789,0.9999998
held,2,0.625,96.77945,76.79057,0.9999998
held,2,0.6333333,96.7823,76.79193,0.9999998
held,2,0.64166665,96.78459,76.79309,0.9999998
held,2,0.65,96.78638,76.7941,0.9999998
held,2,0.65833336,96.787735,76.79495,0.9999998
held,2,0.6666667,96.78882,76.795685,0.9999998
held,2,0.675,96.78961,76.796326,0.9999998
held,2,0.68333334,96.79021,76.796875,0.9999998
held,2,0.69166666,96.79065,76.79733,0.9999998
held,2,0.7,96.790955,76.79773,0.9999998
held,2,0.7083333,96.7912,76.798065,0.9999998
held,2,0.71666664,96.79132,76.79834,0.9999998
held,2,0.725,96.79144,76.7986,0.9999998
held,2,0.73333335,96.79152,76.7988,0.9999998
held,2,0.7416667,96.79158,76.79898,0.9999998
held,2,0.75,96.791626,76.79913,0.9999998
held,2,0.7583333,96.79167,76.79927,0.9999998
held,2,0.76666665,96.79169,76.79938,0.9999998
held,2,0.775,96.79173,76.79947,0.9999998
held,2,0.78333336,96.79175,76.79956,0.9999998
held,2,0.7916667,96.791794,76.79962,0.9999998
held,2,0.8,96.79181,76.79968,0.9999998
held,2,0.80833334,96.791824,76.79971,0.9999998
held,2,0.81666666,96.791855,76.799774,0.9999998
held,2,0.825,96.79187,76.799805,0.9999998
held,2,0.8333333,96.791916,76.799835,0.9999998
held,2,0.84166664,96.79193,76.799866,0.9999998
held,2,0.85,96.79193,76.799866,0.9999998
held,2,0.85833335,96.79195,76.7999,0.9999998
held,2,0.8666667,96.79198,76.79991,0.9999998
held,2,0.875,96.79199,76.79993,0.9999998
held,2,0.8833333,96.79199,76.79993,0.9999998
held,2,0.89166665,96.79201,76.79994,0.9999998
held,2,0.9,96.79205,76.79996,0.9999998
held,2,0.90833336,96.79205,76.79996,0.9999998
held,2,0.9166667,96.79205,76.79996,0.9999998
held,2,0.925,96.79205,76.79996,0.9999998
held,2,0.93333334,96.79205,76.79997,0.9999998
held,2,0.94166666,96.79205,76.79999,0.9999998
held,2,0.95,96.79205,76.79999,0.9999998
held,2,0.9583333,96.79205,76.79999,0.9999998
held,2,0.96666664,96.79205,76.79999,0.9999998
held,2,0.975,96.79205,76.79999,0.9999998
held,2,0.98333335,96.79205,76.79999,0.9999998
held,2,0.9916667,96.79205,76.79999,0.9999998
held,2,1.0,96.79205,76.79999,0.9999998
held,2,1.0083333,96.79205,76.79999,0.9999998
held,2,1.0166667,96.79205,76.79999,0.9999998
held,2,1.025,96.79205,76.79999,0.9999998
held,2,1.0333333,96.79205,76.79999,0.9999998
held,2,1.0416666,96.79205,76.79999,0.9999998
held,2,1.05,96.79205,76.79999,0.9999998
held,2,1.0583333,96.79205,76.79999,0.9999998
held,2,1.0666667,96.79205,76.79999,0.9999998
held,2,1.075,96.79205,76.79999,0.9999998
held,2,1.0833334,96.79205,76.79999,0.9999998
held,2,1.0916667,96.79205,76.79999,0.9999998
held,2,1.1,96.79205,76.79999,0.9999998
held,2,1.1083333,96.79205,76.79999,0.9999998
held,2,1.1166667,96.79205,76.79999,0.9999998
held,2,1.125,96.79205,76.79999,0.9999998
held,2,1.1333333,96.79205,76.79999,0.9999998
held,2,1.1416667,96.79205,76.79999,0.9999998
held,2,1.15,96.79205,76.79999,0.9999998
held,2,1.1583333,96.79205,76.79999,0.9999998
held,2,1.1666666,96.79205,76.79999,0.9999998
held,2,1.175,96.79205,76.79999,0.9999998
held,2,1.1833333,96.79205,76.79999,0.9999998
held,2,1.1916667,96.79205,76.79999,0.9999998
held,2,1.2,96.79205,76.79999,0.9999998
held,2,1.2083334,96.79205,76.79999,0.9999998
held,2,1.2166667,96.79205,76.79999,0.9999998
held,2,1.225,96.79205,76.79999,0.9999998
held,2,1.2333333,96.79205,76.79999,0.9999998
held,2,1.2416667,96.79205,76.79999,0.9999998
held,2,1.25,96.79205,76.79999,0.9999998
held,2,1.2583333,96.79205,76.79999,0.9999998
held,2,1.2666667,96.79205,76.79999,0.9999998
held,2,1.275,96.79205,76.79999,0.9999998
held,2,1.2833333,96.79205,76.79999,0.9999998
held,2,1.2916666,96.79205,76.79999,0.9999998
held,2,1.3,96.79205,76.79999,0.9999998
held,2,1.3083333,96.79205,76.79999,0.9999998
held,2,1.3166667,96.79205,76.79999,0.9999998
held,2,1.325,96.79205,76.79999,0.9999998
held,2,1.3333334,96.79205,76.79999,0.9999998
held,2,1.3416667,96.79205,76.79999,0.9999998
held,2,1.35,96.79205,76.79999,0.9999998
held,2,1.3583333,96.79205,76.79999,0.9999998
held,2,1.3666667,96.79205,76.79999,0.9999998
held,2,1.375,96.79205,76.79999,0.9999998
held,2,1.3833333,96.79205,76.79999,0.9999998
held,2,1.3916667,96.79205,76.79999,0.9999998
held,2,1.4,96.79205,76.79999,0.9999998
held,2,1.4083333,96.79205,76.79999,0.9999998
held,2,1.4166666,96.79205,76.79999,0.9999998
held,2,1.425,96.79205,76.79999,0.9999998
held,2,1.4333333,96.79205,76.79999,0.9999998
held,2,1.4416667,96.79205,76.79999,0.9999998
held,2,1.45,96.79205,76.79999,0.9999998
held,2,1.4583334,96.79205,76.79999,0.9999998
held,2,1.4666667,96.79205,76.79999,0.9999998
held,2,1.475,96.79205,76.79999,0.9999998
held,2,1.4833333,96.79205,76.79999,0.9999998
held,2,1.4916667,96.79205,76.79999,0.9999998
held,2,1.5,96.79205,76.79999,0.9999998
held,2,1.5083333,96.79205,76.79999,0.9999998
held,2,1.5166667,96.79205,76.79999,0.9999998
held,2,1.525,96.79205,76.79999,0.9999998
held,2,1.5333333,96.79205,76.79999,0.9999998
held,2,1.5416666,96.79205,76.79999,0.9999998
held,2,1.55,96.79205,76.79999,0.9999998
held,2,1.5583333,96.79205,76.79999,0.9999998
held,2,1.5666667,96.79205,76.79999,0.9999998
held,2,1.575,96.79205,76.79999,0.9999998
held,2,1.5833334,96.79205,76.79999,0.9999998
held,2,1.5916667,96.79205,76.79999,0.9999998
held,2,1.6,96.79205,76.79999,0.9999998
held,2,1.6083333,96.79205,76.79999,0.9999998
held,2,1.6166667,96.79205,76.79999,0.9999998
held,2,1.625,96.79205,76.79999,0.9999998
held,2,1.6333333,96.79205,76.79999,0.9999998
held,2,1.6416667,96.79205,76.79999,0.9999998
held,2,1.65,96.79205,76.79999,0.9999998
held,2,1.6583333,96.79205,76.79999,0.9999998
held,2,1.6666666,96.79205,76.79999,0.9999998
held,2,1.675,96.79205,76.79999,0.9999998
held,2,1.6833333,96.79205,76.79999,0.9999998
held,2,1.6916667,96.79205,76.79999,0.9999998
held,2,1.7,96.79205,76.79999,0.9999998
held,2,1.7083334,96.79205,76.79999,0.9999998
held,2,1.7166667,96.79205,76.79999,0.9999998
held,2,1.725,96.79205,76.79999,0.9999998
held,2,1.7333333,96.79205,76.79999,0.9999998
held,2,1.7416667,96.79205,76.79999,0.9999998
held,2,1.75,96.79205,76.79999,0.9999998
held,2,1.7583333,96.79205,76.79999,0.9999998
held,2,1.7666667,96.79205,76.79999,0.9999998
held,2,1.775,96.79205,76.79999,0.9999998
held,2,1.7833333,96.79205,76.79999,0.9999998
held,2,1.7916666,96.79205,76.79999,0.9999998
held,2,1.8,96.79205,76.79999,0.9999998
held,2,1.8083333,96.79205,76.79999,0.9999998
held,2,1.8166667,96.79205,76.79999,0.9999998
held,2,1.825,96.79205,76.79999,0.9999998
held,2,1.8333334,96.79205,76.79999,0.9999998
held,2,1.8416667,96.79205,76.79999,0.9999998
held,2,1.85,96.79205,76.79999,0.9999998
held,2,1.8583333,96.79205,76.79999,0.9999998
held,2,1.8666667,96.79205,76.79999,0.9999998
held,2,1.875,96.79205,76.79999,0.9999998
held,2,1.8833333,96.79205,76.79999,0.9999998
held,2,1.8916667,96.79205,76.79999,0.9999998
held,2,1.9,96.79205,76.79999,0.9999998
held,2,1.9083333,96.79205,76.79999,0.9999998
held,2,1.9166666,96.79205,76.79999,0.9999998
held,2,1.925,96.79205,76.79999,0.9999998
held,2,1.9333333,96.79205,76.79999,0.9999998
held,2,1.9416667,96.79205,76.79999,0.9999998
held,2,1.95,96.79205,76.79999,0.9999998
held,2,1.9583334,96.79205,76.79999,0.9999998
held,2,1.9666667,96.79205,76.79999,0.9999998
held,2,1.975,96.79205,76.79999,0.9999998
held,2,1.9833333,96.79205,76.79999,0.9999998
held,2,1.9916667,96.79205,76.79999,0.9999998
held,2,2.0,96.79205,76.79999,0.9999998
held,3,0.008333334,96.79145,76.79936,0.9999998
held,3,0.016666668,96.79166,76.79947,0.9999998
held,3,0.025,96.83466,76.79712,0.9999998
held,3,0.033333335,97.02483,76.78638,0.9999998
held,3,0.041666668,97.466156,76.76099,0.9999998
held,3,0.05,98.2124,76.717224,0.9999998
held,3,0.058333334,99.26352,76.654205,0.9999998
held,3,0.06666667,100.579506,76.57321,0.9999998
held,3,0.075,102.09711,76.47693,0.9999998
held,3,0.083333336,103.74405,76.36865,0.9999998
held,3,0.09166667,105.44915,76.25198,0.9999998
held,3,0.1,107.14878,76.13025,0.9999998
held,3,0.108333334,108.79038,76.00647,0.9999998
held,3,0.11666667,110.333626,75.88324,0.9999998
held,3,0.125,111.750305,75.762665,0.9999998
held,3,0.13333334,113.02313,75.64636,0.9999998
held,3,0.14166667,114.144226,75.53558,0.9999998
held,3,0.15,115.113266,75.43112,0.9999998
held,3,0.15833333,115.935684,75.33354,0.9999998
held,3,0.16666667,116.62105,75.24312,0.9999998
held,3,0.175,117.181625,75.1599,0.9999998
held,3,0.18333334,117.631256,75.08377,0.9999998
held,3,0.19166666,117.98424,75.01456,0.9999998
held,3,0.2,118.254654,74.951904,0.9999998
held,3,0.20833333,118.45595,74.89546,0.9999998
held,3,0.21666667,118.600494,74.8448,0.9999998
held,3,0.225,118.69934,74.79953,0.9999998
held,3,0.23333333,118.762146,74.759186,0.9999998
held,3,0.24166666,118.7973,74.72336,0.9999998
held,3,0.25,118.81175,74.69162,0.9999998
held,3,0.25833333,118.81122,74.663605,0.9999998
held,3,0.26666668,118.80023,74.638916,0.9999998
held,3,0.275,118.782166,74.61725,0.9999998
held,3,0.28333333,118.759766,74.59825,0.9999998
held,3,0.29166666,118.73523,74.581665,0.9999998
held,3,0.3,118.6369,74.5712,0.9999998
held,3,0.30833334,118.30084,74.575806,0.9999998
held,3,0.31666666,117.643555,74.600494,0.9999998
held,3,0.325,116.65361,74.64662,0.9999998
held,3,0.33333334,115.367004,74.71315,0.9999998
held,3,0.34166667,113.84747,74.797516,0.9999998
held,3,0.35,112.17059,74.89636,0.9999998
held,3,0.35833332,110.413025,75.00601,0.9999998
held,3,0.36666667,108.64459,75.12286,0.9999998
held,3,0.375,106.92456,75.24365,0.9999998
held,3,0.38333333,105.29907,75.36546,0.9999998
held,3,0.39166668,103.801575,75.485886,0.9999998
held,3,0.4,102.45325,75.60297,0.9999998
held,3,0.40833333,101.26471,75.71524,0.9999998
held,3,0.41666666,100.2381,75.821625,0.9999998
held,3,0.425,99.36859,75.92142,0.9999998
held,3,0.43333334,98.64667,76.01413,0.9999998
held,3,0.44166666,98.05939,76.09964,0.9999998
held,3,0.45,97.59204,76.17795,0.9999998
held,3,0.45833334,97.22919,76.24921,0.9999998
held,3,0.46666667,96.95532,76.31369,0.9999998
held,3,0.475,96.75574,76.37178,0.9999998
held,3,0.48333332,96.61688,76.42386,0.9999998
held,3,0.49166667,96.52649,76.47034,0.9999998
held,3,0.5,96.47406,76.51172,0.9999998
held,3,0.5083333,96.45038,76.54837,0.9999998
held,3,0.51666665,96.447754,76.58078,0.9999998
held,3,0.525,96.45996,76.609344,0.9999998
held,3,0.53333336,96.48193,76.63446,0.9999998
held,3,0.5416667,96.50989,76.65648,0.9999998
held,3,0.55,96.54065,76.67575,0.9999998
held,3,0.55833334,96.57214,76.692566,0.9999998
held,3,0.56666666,96.60272,76.70723,0.9999998
held,3,0.575,96.63141,76.719986,0.9999998
held,3,0.5833333,96.65759,76.731064,0.9999998
held,3,0.59166664,96.68085,76.74066,0.9999998
held,3,0.6,96.70123,76.74899,0.9999998
held,3,0.60833335,96.71863,76.756195,0.9999998
held,3,0.6166667,96.73334,76.76239,0.9999998
held,3,0.625,96.745605,76.76776,0.9999998
held,3,0.6333333,96.755615,76.77237,0.9999998
held,3,0.64166665,96.76373,76.77634,0.9999998
held,3,0.65,96.7702,76.779755,0.9999998
held,3,0.65833336,96.77533,76.7827,0.9999998
held,3,0.6666667,96.7793,76.78522,0.9999998
held,3,0.675,96.78235,76.787384,0.9999998
held,3,0.68333334,96.78467,76.789246,0.9999998
held,3,0.69166666,96.78638,76.79082,0.9999998
held,3,0.7,96.78766,76.792175,0.9999998
held,3,0.7083333,96.788574,76.793335,0.9999998
held,3,0.71666664,96.789246,76.79433,0.9999998
held,3,0.725,96.789734,76.795166,0.9999998
held,3,0.73333335,96.7901,76.7959,0.9999998
held,3,0.7416667,96.790344,76.79651,0.9999998
held,3,0.75,96.79053,76.79703,0.9999998
held,3,0.7583333,96.79071,76.797485,0.9999998
held,3,0.76666665,96.79083,76.79785,0.9999998
held,3,0.775,96.79089,76.79819,0.9999998
held,3,0.78333336,96.791016,76.79846,0.9999998
held,3,0.7916667,96.79108,76.79869,0.9999998
held,3,0.8,96.7912,76.79889,0.9999998
held,3,0.80833334,96.79126,76.79906,0.9999998
held,3,0.81666666,96.79132,76.799194,0.9999998
held,3,0.825,96.79138,76.79932,0.9999998
held,3,0.8333333,96.791504,76.79942,0.9999998
held,3,0.84166664,96.791565,76.799515,0.9999998
held,3,0.85,96.791626,76.79959,0.9999998
held,3,0.85833335,96.79169,76.79965,0.9999998
held,3,0.8666667,96.79175,76.79971,0.9999998
held,3,0.875,96.79175,76.79974,0.9999998
held,3,0.8833333,96.79181,76.799774,0.9999998
held,3,0.89166665,96.79187,76.79982,0.9999998
held,3,0.9,96.79187,76.79985,0.9999998
held,3,0.90833336,96.79193,76.799866,0.9999998
held,3,0.9166667,96.79193,76.79988,0.9999998
held,3,0.925,96.79199,76.7999,0.9999998
held,3,0.93333334,96.79199,76.79993,0.9999998
held,3,0.94166666,96.79199,76.79993,0.9999998
held,3,0.95,96.79199,76.79993,0.9999998
held,3,0.9583333,96.79205,76.79996,0.9999998
held,3,0.96666664,96.79205,76.79996,0.9999998
held,3,0.975,96.79205,76.79996,0.9999998
held,3,0.98333335,96.79205,76.79996,0.9999998
held,3,0.9916667,96.79205,76.79997,0.9999998
held,3,1.0,96.79205,76.79999,0.9999998
held,3,1.0083333,96.79205,76.79999,0.9999998
held,3,1.0166667,96.79205,76.79999,0.9999998
held,3,1.025,96.79205,76.79999,0.9999998
held,3,1.0333333,96.79205,76.79999,0.9999998
held,3,1.0416666,96.79205,76.79999,0.9999998
held,3,1.05,96.79205,76.79999,0.9999998
held,3,1.0583333,96.79205,76.79999,0.9999998
held,3,1.0666667,96.79205,76.79999,0.9999998
held,3,1.075,96.79205,76.79999,0.9999998
held,3,1.0833334,96.79205,76.79999,0.9999998
held,3,1.0916667,96.79205,76.79999,0.9999998
held,3,1.1,96.79205,76.79999,0.9999998
held,3,1.1083333,96.79205,76.79999,0.9999998
held,3,1.1166667,96.79205,76.79999,0.9999998
held,3,1.125,96.79205,76.79999,0.9999998
held,3,1.1333333,96.79205,76.79999,0.9999998
held,3,1.1416667,96.79205,76.79999,0.9999998
held,3,1.15,96.79205,76.79999,0.9999998
held,3,1.1583333,96.79205,76.79999,0.9999998
held,3,1.1666666,96.79205,76.79999,0.9999998
held,3,1.175,96.79205,76.79999,0.9999998
held,3,1.1833333,96.79205,76.79999,0.9999998
held,3,1.1916667,96.79205,76.79999,0.9999998
held,3,1.2,96.79205,76.79999,0.9999998
held,3,1.2083334,96.79205,76.79999,0.9999998
held,3,1.2166667,96.79205,76.79999,0.9999998
held,3,1.225,96.79205,76.79999,0.9999998
held,3,1.2333333,96.79205,76.79999,0.9999998
held,3,1.2416667,96.79205,76.79999,0.9999998
held,3,1.25,96.79205,76.79999,0.9999998
held,3,1.2583333,96.79205,76.79999,0.9999998
held,3,1.2666667,96.79205,76.79999,0.9999998
held,3,1.275,96.79205,76.79999,0.9999998
held,3,1.2833333,96.79205,76.79999,0.9999998
held,3,1.2916666,96.79205,76.79999,0.9999998
held,3,1.3,96.79205,76.79999,0.9999998
held,3,1.3083333,96.79205,76.79999,0.9999998
held,3,1.3166667,96.79205,76.79999,0.9999998
held,3,1.325,96.79205,76.79999,0.9999998
held,3,1.3333334,96.79205,76.79999,0.9999998
held,3,1.3416667,96.79205,76.79999,0.9999998
held,3,1.35,96.79205,76.79999,0.9999998
held,3,1.3583333,96.79205,76.79999,0.9999998
held,3,1.3666667,96.79205,76.79999,0.9999998
held,3,1.375,96.79205,76.79999,0.9999998
held,3,1.3833333,96.79205,76.79999,0.9999998
held,3,1.3916667,96.79205,76.79999,0.9999998
held,3,1.4,96.79205,76.79999,0.9999998
held,3,1.4083333,96.79205,76.79999,0.9999998
held,3,1.4166666,96.79205,76.79999,0.9999998
held,3,1.425,96.79205,76.79999,0.9999998
held,3,1.4333333,96.79205,76.79999,0.9999998
held,3,1.4416667,96.79205,76.79999,0.9999998
held,3,1.45,96.79205,76.79999,0.9999998
held,3,1.4583334,96.79205,76.79999,0.9999998
held,3,1.4666667,96.79205,76.79999,0.9999998
held,3,1.475,96.79205,76.79999,0.9999998
held,3,1.4833333,96.79205,76.79999,0.9999998
held,3,1.4916667,96.79205,76.79999,0.9999998
held,3,1.5,96.79205,76.79999,0.9999998
held,3,1.5083333,96.79205,76.79999,0.9999998
held,3,1.5166667,96.79205,76.79999,0.9999998
held,3,1.525,96.79205,76.79999,0.9999998
held,3,1.5333333,96.79205,76.79999,0.9999998
held,3,1.5416666,96.79205,76.79999,0.9999998
held,3,1.55,96.79205,76.79999,0.9999998
held,3,1.5583333,96.79205,76.79999,0.9999998
held,3,1.5666667,96.79205,76.79999,0.9999998
held,3,1.575,96.79205,76.79999,0.9999998
held,3,1.5833334,96.79205,76.79999,0.9999998
held,3,1.5916667,96.79205,76.79999,0.9999998
held,3,1.6,96.79205,76.79999,0.9999998
held,3,1.6083333,96.79205,76.79999,0.9999998
held,3,1.6166667,96.79205,76.79999,0.9999998
held,3,1.625,96.79205,76.79999,0.9999998
held,3,1.6333333,96.79205,76.79999,0.9999998
held,3,1.6416667,96.79205,76.79999,0.9999998
held,3,1.65,96.79205,76.79999,0.9999998
held,3,1.6583333,96.79205,76.79999,0.9999998
held,3,1.6666666,96.79205,76.79999,0.9999998
held,3,1.675,96.79205,76.79999,0.9999998
held,3,1.6833333,96.79205,76.79999,0.9999998
held,3,1.6916667,96.79205,76.79999,0.9999998
held,3,1.7,96.79205,76.79999,0.9999998
held,3,1.7083334,96.79205,76.79999,0.9999998
held,3,1.7166667,96.79205,76.79999,0.9999998
held,3,1.725,96.79205,76.79999,0.9999998
held,3,1.7333333,96.79205,76.79999,0.9999998
held,3,1.7416667,96.79205,76.79999,0.9999998
held,3,1.75,96.79205,76.79999,0.9999998
held,3,1.7583333,96.79205,76.79999,0.9999998
held,3,1.7666667,96.79205,76.79999,0.9999998
held,3,1.775,96.79205,76.79999,0.9999998
held,3,1.7833333,96.79205,76.79999,0.9999998
held,3,1.7916666,96.79205,76.79999,0.9999998
held,3,1.8,96.79205,76.79999,0.9999998
held,3,1.8083333,96.79205,76.79999,0.9999998
held,3,1.8166667,96.79205,76.79999,0.9999998
held,3,1.825,96.79205,76.79999,0.9999998
held,3,1.8333334,96.79205,76.79999,0.9999998
held,3,1.8416667,96.79205,76.79999,0.9999998
held,3,1.85,96.79205,76.79999,0.9999998
held,3,1.8583333,96.79205,76.79999,0.9999998
held,3,1.8666667,96.79205,76.79999,0.9999998
held,3,1.875,96.79205,76.79999,0.9999998
held,3,1.8833333,96.79205,76.79999,0.9999998
held,3,1.8916667,96.79205,76.79999,0.9999998
held,3,1.9,96.79205,76.79999,0.9999998
held,3,1.9083333,96.79205,76.79999,0.9999998
held,3,1.9166666,96.79205,76.79999,0.9999998
held,3,1.925,96.79205,76.79999,0.9999998
held,3,1.9333333,96.79205,76.79999,0.9999998
held,3,1.9416667,96.79205,76.79999,0.9999998
held,3,1.95,96.79205,76.79999,0.9999998
held,3,1.9583334,96.79205,76.79999,0.9999998
held,3,1.9666667,96.79205,76.79999,0.9999998
held,3,1.975,96.79205,76.79999,0.9999998
held,3,1.9833333,96.79205,76.79999,0.9999998
held,3,1.9916667,96.79205,76.79999,0.9999998
held,3,2.0,96.79205,76.79999,0.9999998
throw,2,0.008333334,96.80817,76.79874,0.989814
throw,2,0.016666668,97.09277,76.79379,0.96306366
throw,2,0.025,98.011566,76.77759,0.92456084
throw,2,0.033333335,99.68261,76.742035,0.8780988
throw,2,0.041666668,102.01938,76.67914,0.82664174
throw,2,0.05,104.83505,76.58182,0.77248275
throw,2,0.058333334,107.90741,76.44437,0.71737283
throw,2,0.06666667,111.01481,76.262726,0.6626277
throw,2,0.075,113.95648,76.03458,0.6092151
throw,2,0.083333336,116.5636,75.759155,0.55782586
throw,2,0.09166667,118.70526,75.43721,0.5089327
throw,2,0.1,120.291016,75.07077,0.46283734
throw,2,0.108333334,121.26999,74.66289,0.41970897
throw,2,0.11666667,121.62836,74.21739,0.37961543
throw,2,0.125,121.38451,73.73871,0.34254798
throw,2,0.13333334,120.58305,73.23164,0.30844155
throw,2,0.14166667,119.28807,72.70114,0.2771904
throw,2,0.15,117.57626,72.15219,0.24866083
throw,2,0.15833333,115.53088,71.58966,0.22270104
throw,2,0.16666667,113.2361,71.01825,0.19914867
throw,2,0.175,110.77295,70.44226,0.17783672
throw,2,0.18333334,108.21594,69.86578,0.15859799
throw,2,0.19166666,105.63118,69.29242,0.14126842
throw,2,0.2,103.0751,68.725464,0.12568945
throw,2,0.20833333,100.59413,68.167725,0.1117096
throw,2,0.21666667,98.224655,67.62167,0.09918566
throw,2,0.225,95.99396,67.089386,0.087983266
throw,2,0.23333333,93.92079,66.572586,0.077977255
throw,2,0.24166666,92.016495,66.07265,0.069051675
throw,2,0.25,90.28615,65.59065,0.06109969
throw,2,0.25833333,88.72958,65.127396,0.05402315
throw,2,0.26666668,87.342514,64.68344,0.04773262
throw,2,0.275,86.11737,64.259125,0.042146362
throw,2,0.28333333,85.04431,63.854553,0.03719023
throw,2,0.29166666,84.11189,63.469727,0.03279706
throw,2,0.3,83.30768,63.10446,0.028906185
throw,2,0.30833334,82.61894,62.75846,0.025462909
throw,2,0.31666666,82.03291,62.431335,0.022418028
throw,2,0.325,81.537125,62.122612,0.019727366
throw,2,0.33333334,81.11987,61.831726,0.017351318
throw,2,0.34166667,80.770096,61.558098,0.015254445
throw,2,0.35,80.47771,61.30108,0.01340507
throw,2,0.35833332,80.23361,61.060013,0.011774932
throw,2,0.36666667,80.02968,60.834198,0.010338817
throw,2,0.375,79.858826,60.622963,0.009074353
throw,2,0.38333333,79.71478,60.42559,0.007961524
throw,2,0.39166668,79.59233,60.241394,0.00698266
throw,2,0.4,79.486984,60.069687,0.00612202
throw,2,0.40833333,79.39508,59.909798,0.005365662
throw,2,0.41666666,79.31351,59.761047,0.004701232
throw,2,0.425,79.23988,59.622826,0.0041177953
throw,2,0.43333334,79.17226,59.494476,0.0036056803
throw,2,0.44166666,79.10913,59.375427,0.0031563381
throw,2,0.45,79.04942,59.26509,0.0027622168
throw,2,0.45833334,78.992325,59.16291,0.0024166515
throw,2,0.46666667,78.937256,59.068375,0.0021137616
throw,2,0.475,78.88382,58.98098,0.0018483638
throw,2,0.48333332,78.83188,58.900238,0.0016158897
throw,2,0.49166667,78.78125,58.8257,0.0014123142
throw,2,0.5,78.73204,58.756943,0.0012341043
throw,2,0.5083333,78.68417,58.693558,0.0010781348
throw,2,0.51666665,78.63785,58.635178,9.416748E-4
throw,2,0.525,78.59308,58.58142,8.223093E-4
throw,2,0.53333336,78.55,58.531967,7.179276E-4
throw,2,0.5416667,78.50874,58.486496,6.266704E-4
throw,2,0.55,78.46936,58.444725,5.4690655E-4
throw,2,0.55833334,78.431915,58.40635,4.7720477E-4
throw,2,0.56666666,78.396484,58.37114,4.1630963E-4
throw,2,0.575,78.36307,58.33883,3.6312002E-4
throw,2,0.5833333,78.331726,58.30922,3.166708E-4
throw,2,0.59166664,78.30243,58.282074,2.7611628E-4
throw,2,0.6,78.007385,57.98952,2.4071508E-4
throw,2,0.60833335,77.98773,57.97271,2.0981955E-4
throw,2,0.6166667,77.974045,57.96192,1.8285992E-4
throw,2,0.625,77.964874,57.95559,1.5934044E-4
throw,2,0.6333333,77.95911,57.952522,1.388247E-4
throw,2,0.64166665,77.95587,57.951786,1.2093321E-4
throw,2,0.65,77.954575,57.952682,1.0533208E-4
throw,2,0.65833336,77.95459,57.954678,9.173097E-5
throw,2,0.6666667,77.95564,57.95737,7.987524E-5
throw,2,0.675,77.95735,57.96047,6.9542526E-5
throw,2,0.68333334,77.95953,57.963757,6.053858E-5
throw,2,0.69166666,77.96193,57.96708,5.2693704E-5
throw,2,0.7,77.96449,57.97033,4.5859702E-5
throw,2,0.7083333,77.9671,57.97343,3.9907165E-5
throw,2,0.71666664,77.969666,57.976345,3.472313E-5
throw,2,0.725,77.97211,57.979042,3.020894E-5
throw,2,0.73333335,77.97447,57.981514,2.6278723E-5
throw,2,0.7416667,77.97664,57.983757,2.2857193E-5
throw,2,0.75,77.97865,57.98578,1.9879057E-5
throw,2,0.7583333,77.98053,57.987587,1.7287031E-5
throw,2,0.76666665,77.98224,57.989197,1.5031465E-5
throw,2,0.775,77.98375,57.99062,1.3068807E-5
throw,2,0.78333336,77.98511,57.991875,1.1361289E-5
throw,2,0.7916667,77.98633,57.99298,9.875894E-6
throw,2,0.8,77.98741,57.993946,8.583871E-6
throw,2,0.80833334,77.98834,57.99479,7.4601703E-6
throw,2,0.81666666,77.98918,57.99552,6.482968E-6
throw,2,0.825,77.98988,57.996162,5.633254E-6
throw,2,0.8333333,77.99054,57.99671,4.894473E-6
throw,2,0.84166664,77.99107,57.99719,4.252206E-6
throw,2,0.85,77.991516,57.9976,3.6938943E-6
throw,2,0.85833335,77.99193,57.997955,3.2086293E-6
throw,2,0.8666667,77.99225,57.998257,2.7868705E-6
throw,2,0.875,77.99255,57.99852,2.4203616E-6
throw,2,0.8833333,77.9928,57.99874,2.1018768E-6
throw,2,0.89166665,77.99298,57.998936,1.8251635E-6
throw,2,0.9,77.993164,57.999096,1.5847507E-6
throw,2,0.90833336,77.993286,57.999237,1.3759033E-6
throw,2,0.9166667,77.99341,57.999355,1.1944896E-6
throw,2,0.925,77.99353,57.999454,1.0369193E-6
throw,2,0.93333334,77.99361,57.99954,9.000697E-7
throw,2,0.94166666,77.99367,57.99961,7.8122576E-7
throw,2,0.95,77.99373,57.999676,6.7802637E-7
throw,2,0.9583333,77.993774,57.999725,5.884192E-7
throw,2,0.96666664,77.993835,57.99977,5.106199E-7
throw,2,0.975,77.99385,57.999805,4.4307674E-7
throw,2,0.98333335,77.9939,57.999836,3.8444435E-7
throw,2,0.9916667,77.9939,57.999866,3.33548E-7
throw,2,1.0,77.99394,57.99989,2.8937262E-7
throw,2,1.0083333,77.99396,57.99991,2.5103125E-7
throw,2,1.0166667,77.99396,57.99992,2.1775753E-7
throw,2,1.025,77.99396,57.999935,1.8888203E-7
throw,2,1.0333333,77.99396,57.999947,1.6382641E-7
throw,2,1.0416666,77.994,57.999954,1.4208561E-7
throw,2,1.05,77.994,57.99996,1.2322332E-7
throw,2,1.0583333,77.99402,57.99997,1.06858565E-7
throw,2,1.0666667,77.99402,57.999977,9.2661956E-8
throw,2,1.075,77.99402,57.99998,8.034731E-8
throw,2,1.0833334,77.99402,57.99998,6.9665205E-8
throw,2,1.0916667,77.99402,57.999985,6.040028E-8
throw,2,1.1,77.99402,57.99999,5.236455E-8
throw,2,1.1083333,77.99402,57.99999,4.539572E-8
throw,2,1.1166667,77.99402,57.999992,3.9352148E-8
throw,2,1.125,77.99402,57.999992,3.4111572E-8
throw,2,1.1333333,77.99402,57.999996,2.9567303E-8
throw,2,1.1416667,77.99402,57.999996,2.5627257E-8
throw,2,1.15,77.99402,57.999996,2.221108E-8
throw,2,1.1583333,77.99402,57.999996,1.9249446E-8
throw,2,1.1666666,77.99402,57.999996,1.6681865E-8
throw,2,1.175,77.99402,58.0,1.4456146E-8
throw,2,1.1833333,77.99402,58.0,1.252676E-8
throw,2,1.1916667,77.99402,58.0,1.085439E-8
throw,2,1.2,77.99402,58.0,9.404905E-9
throw,2,1.2083334,77.99402,58.0,8.148593E-9
throw,2,1.2166667,77.99402,58.0,7.0598185E-9
throw,2,1.225,77.99402,58.0,6.1162355E-9
throw,2,1.2333333,77.99402,58.0,5.2985634E-9
throw,2,1.2416667,77.99402,58.0,4.589995E-9
throw,2,1.25,77.99402,58.0,3.9760337E-9
throw,2,1.2583333,77.99402,58.0,3.4440424E-9
throw,2,1.2666667,77.99402,58.0,2.983123E-9
throw,2,1.275,77.99402,58.0,2.5837765E-9
throw,2,1.2833333,77.99402,58.0,2.237811E-9
throw,2,1.2916666,77.99402,58.0,1.938087E-9
throw,2,1.3,77.99402,58.0,1.6784494E-9
throw,2,1.3083333,77.99402,58.0,1.4535336E-9
throw,2,1.3166667,77.99402,58.0,1.2587101E-9
throw,2,1.325,77.99402,58.0,1.089964E-9
throw,2,1.3333334,77.99402,58.0,9.438021E-10
throw,2,1.3416667,77.99402,58.0,8.172141E-10
throw,2,1.35,77.99402,58.0,7.0757683E-10
throw,2,1.3583333,77.99402,58.0,6.1262934E-10
throw,2,1.3666667,77.99402,58.0,5.30402E-10
throw,2,1.375,77.99402,58.0,4.5919732E-10
throw,2,1.3833333,77.99402,58.0,3.975366E-10
throw,2,1.3916667,77.99402,58.0,3.4414543E-10
throw,2,1.4,77.99402,58.0,2.9791392E-10
throw,2,1.4083333,77.99402,58.0,2.5788557E-10
throw,2,1.4166666,77.99402,58.0,2.232274E-10
throw,2,1.425,77.99402,58.0,1.9322163E-10
throw,2,1.4333333,77.99402,58.0,1.672432E-10
throw,2,1.4416667,77.99402,58.0,1.4475302E-10
throw,2,1.45,77.99402,58.0,1.2528384E-10
throw,2,1.4583334,77.99402,58.0,1.0842951E-10
throw,2,1.4666667,77.99402,58.0,9.3840095E-11
throw,2,1.475,77.99402,58.0,8.121096E-11
throw,2,1.4833333,77.99402,58.0,7.027968E-11
throw,2,1.4916667,77.99402,58.0,6.0817754E-11
throw,2,1.5,77.99402,58.0,5.2628398E-11
throw,2,1.5083333,77.99402,58.0,4.5540287E-11
throw,2,1.5166667,77.99402,58.0,3.9405857E-11
throw,2,1.525,77.99402,58.0,3.409666E-11
throw,2,1.5333333,77.99402,58.0,2.950207E-11
throw,2,1.5416666,77.99402,58.0,2.5525812E-11
throw,2,1.55,77.99402,58.0,2.2084954E-11
throw,2,1.5583333,77.99402,58.0,1.910733E-11
throw,2,1.5666667,77.99402,58.0,1.6530725E-11
throw,2,1.575,77.99402,58.0,1.4301251E-11
throw,2,1.5833334,77.99402,58.0,1.2372094E-11
throw,2,1.5916667,77.99402,58.0,1.0702934E-11
throw,2,1.6,77.99402,58.0,9.258692E-12
throw,2,1.6083333,77.99402,58.0,8.009163E-12
throw,2,1.6166667,77.99402,58.0,6.9280666E-12
throw,2,1.625,77.99402,58.0,5.9927736E-12
throw,2,1.6333333,77.99402,58.0,5.183597E-12
throw,2,1.6416667,77.99402,58.0,4.4835893E-12
throw,2,1.65,77.99402,58.0,3.8780034E-12
throw,2,1.6583333,77.99402,58.0,3.354146E-12
throw,2,1.6666666,77.99402,58.0,2.9009733E-12
throw,2,1.675,77.99402,58.0,2.5089791E-12
throw,2,1.6833333,77.99402,58.0,2.169894E-12
throw,2,1.6916667,77.99402,58.0,1.876593E-12
throw,2,1.7,77.99402,58.0,1.6229063E-12
throw,2,1.7083334,77.99402,58.0,1.403477E-12
throw,2,1.7166667,77.99402,58.0,1.213694E-12
throw,2,1.725,77.99402,58.0,1.0495466E-12
throw,2,1.7333333,77.99402,58.0,9.075834E-13
throw,2,1.7416667,77.99402,58.0,7.8480224E-13
throw,2,1.75,77.99402,58.0,6.7861943E-13
throw,2,1.7583333,77.99402,58.0,5.867882E-13
throw,2,1.7666667,77.99402,58.0,5.0737496E-13
throw,2,1.775,77.99402,58.0,4.3869823E-13
throw,2,1.7833333,77.99402,58.0,3.79311E-13
throw,2,1.7916666,77.99402,58.0,3.2795508E-13
throw,2,1.8,77.99402,58.0,2.8354773E-13
throw,2,1.8083333,77.99402,58.0,2.451475E-13
throw,2,1.8166667,77.99402,58.0,2.1194347E-13
throw,2,1.825,77.99402,58.0,1.8323387E-13
throw,2,1.8333334,77.99402,58.0,1.584095E-13
throw,2,1.8416667,77.99402,58.0,1.369462E-13
throw,2,1.85,77.99402,58.0,1.1838826E-13
throw,2,1.8583333,77.99402,58.0,1.02343616E-13
throw,2,1.8666667,77.99402,58.0,8.84714E-14
throw,2,1.875,77.99402,58.0,7.6478374E-14
throw,2,1.8833333,77.99402,58.0,6.61096E-14
throw,2,1.8916667,77.99402,58.0,5.7145776E-14
throw,2,1.9,77.99402,58.0,4.9396258E-14
throw,2,1.9083333,77.99402,58.0,4.2697047E-14
throw,2,1.9166666,77.99402,58.0,3.6905578E-14
throw,2,1.925,77.99402,58.0,3.189923E-14
throw,2,1.9333333,77.99402,58.0,2.7571407E-14
throw,2,1.9416667,77.99402,58.0,2.383033E-14
throw,2,1.95,77.99402,58.0,2.0596592E-14
throw,2,1.9583334,77.99402,58.0,1.7801288E-14
throw,2,1.9666667,77.99402,58.0,1.5385152E-14
throw,2,1.975,77.99402,58.0,1.3296676E-14
throw,2,1.9833333,77.99402,58.0,1.14915545E-14
throw,2,1.9916667,77.99402,58.0,9.931286E-15
throw,2,2.0,77.99402,58.0,8.5827545E-15
throw,3,0.008333334,96.85189,76.79874,0.989814
throw,3,0.016666668,97.67447,76.79379,0.96306366
throw,3,0.025,99.87546,76.77759,0.92456084
throw,3,0.033333335,103.40787,76.742035,0.8780988
throw,3,0.041666668,107.97702,76.67914,0.82664174
throw,3,0.05,113.23303,76.58182,0.77248275
throw,3,0.058333334,118.8363,76.44437,0.71737283
throw,3,0.06666667,124.48131,76.262726,0.6626277
throw,3,0.075,129.90448,76.03458,0.6092151
throw,3,0.083333336,134.88539,75.759155,0.55782586
throw,3,0.09166667,139.24533,75.43721,0.5089327
throw,3,0.1,142.84503,75.07077,0.46283734
throw,3,0.108333334,145.58307,74.66289,0.41970897
throw,3,0.11666667,147.39476,74.21739,0.37961543
throw,3,0.125,148.25153,73.73871,0.34254798
throw,3,0.13333334,148.1604,73.23164,0.30844155
throw,3,0.14166667,147.16234,72.70114,0.2771904
throw,3,0.15,145.32886,72.15219,0.24866083
throw,3,0.15833333,142.75708,71.58966,0.22270104
throw,3,0.16666667,139.563,71.01825,0.19914867
throw,3,0.175,135.87408,70.44226,0.17783672
throw,3,0.18333334,131.82141,69.86578,0.15859799
throw,3,0.19166666,127.53331,69.29242,0.14126842
throw,3,0.2,123.12952,68.725464,0.12568945
throw,3,0.20833333,118.717224,68.167725,0.1117096
throw,3,0.21666667,114.38867,67.62167,0.09918566
throw,3,0.225,110.21973,67.089386,0.087983266
throw,3,0.23333333,106.2699,66.572586,0.077977255
throw,3,0.24166666,102.58301,66.07265,0.069051675
throw,3,0.25,99.1886,65.59065,0.06109969
throw,3,0.25833333,96.103516,65.127396,0.05402315
throw,3,0.26666668,93.33374,64.68344,0.04773262
throw,3,0.275,90.87622,64.259125,0.042146362
throw,3,0.28333333,88.720825,63.854553,0.03719023
throw,3,0.29166666,86.85187,63.469727,0.03279706
throw,3,0.3,85.25,63.10446,0.028906185
throw,3,0.30833334,83.89288,62.75846,0.025462909
throw,3,0.31666666,82.7572,62.431335,0.022418028
throw,3,0.325,81.818726,62.122612,0.019727366
throw,3,0.33333334,81.05365,61.831726,0.017351318
throw,3,0.34166667,80.43915,61.558098,0.015254445
throw,3,0.35,79.95349,61.30108,0.01340507
throw,3,0.35833332,79.5766,61.060013,0.011774932
throw,3,0.36666667,79.29022,60.834198,0.010338817
throw,3,0.375,79.07788,60.622963,0.009074353
throw,3,0.38333333,78.92505,60.42559,0.007961524
throw,3,0.39166668,78.81915,60.241394,0.00698266
throw,3,0.4,78.74933,60.069687,0.00612202
throw,3,0.40833333,78.70642,59.909798,0.005365662
throw,3,0.41666666,78.68286,59.761047,0.004701232
throw,3,0.425,78.6723,59.622826,0.0041177953
throw,3,0.43333334,78.66986,59.494476,0.0036056803
throw,3,0.44166666,78.67163,59.375427,0.0031563381
throw,3,0.45,78.67462,59.26509,0.0027622168
throw,3,0.45833334,78.6767,59.16291,0.0024166515
throw,3,0.46666667,78.67639,59.068375,0.0021137616
throw,3,0.475,78.67273,58.98098,0.0018483638
throw,3,0.48333332,78.66522,58.900238,0.0016158897
throw,3,0.49166667,78.653625,58.8257,0.0014123142
throw,3,0.5,78.63812,58.756943,0.0012341043
throw,3,0.5083333,78.61896,58.693558,0.0010781348
throw,3,0.51666665,78.59656,58.635178,9.416748E-4
throw,3,0.525,78.57135,58.58142,8.223093E-4
throw,3,0.53333336,78.54401,58.531967,7.179276E-4
throw,3,0.5416667,78.51495,58.486496,6.266704E-4
throw,3,0.55,78.48474,58.444725,5.4690655E-4
throw,3,0.55833334,78.45398,58.40635,4.7720477E-4
throw,3,0.56666666,78.42297,58.37114,4.1630963E-4
throw,3,0.575,78.39221,58.33883,3.6312002E-4
throw,3,0.5833333,78.362,58.30922,3.166708E-4
throw,3,0.59166664,78.3327,58.282074,2.7611628E-4
throw,3,0.6,78.03662,57.989532,2.4071508E-4
throw,3,0.60833335,78.015015,57.972725,2.0981955E-4
throw,3,0.6166667,77.99878,57.96193,1.8285992E-4
throw,3,0.625,77.986755,57.955605,1.5934044E-4
throw,3,0.6333333,77.97803,57.95253,1.388247E-4
throw,3,0.64166665,77.971924,57.951797,1.2093321E-4
throw,3,0.65,77.96777,57.952698,1.0533208E-4
throw,3,0.65833336,77.96527,57.95468,9.173097E-5
throw,3,0.6666667,77.96399,57.957382,7.987524E-5
throw,3,0.675,77.963684,57.96048,6.9542526E-5
throw,3,0.68333334,77.96411,57.96376,6.053858E-5
throw,3,0.69166666,77.96509,57.967087,5.2693704E-5
throw,3,0.7,77.96643,57.970337,4.5859702E-5
throw,3,0.7083333,77.96808,57.973434,3.9907165E-5
throw,3,0.71666664,77.96991,57.97635,3.472313E-5
throw,3,0.725,77.9718,57.97905,3.020894E-5
throw,3,0.73333335,77.973755,57.98152,2.6278723E-5
throw,3,0.7416667,77.97571,57.983765,2.2857193E-5
throw,3,0.75,77.9776,57.98578,1.9879057E-5
throw,3,0.7583333,77.97937,57.987595,1.7287031E-5
throw,3,0.76666665,77.98108,57.989197,1.5031465E-5
throw,3,0.775,77.982605,57.990616,1.3068807E-5
throw,3,0.78333336,77.98407,57.991882,1.1361289E-5
throw,3,0.7916667,77.98541,57.99298,9.875894E-6
throw,3,0.8,77.98657,57.993942,8.583871E-6
throw,3,0.80833334,77.98761,57.99479,7.4601703E-6
throw,3,0.81666666,77.98859,57.99552,6.482968E-6
throw,3,0.825,77.98938,57.996162,5.633254E-6
throw,3,0.8333333,77.99011,57.99671,4.894473E-6
throw,3,0.84166664,77.99072,57.997192,4.252206E-6
throw,3,0.85,77.99127,57.997604,3.6938943E-6
throw,3,0.85833335,77.99176,57.997955,3.2086293E-6
throw,3,0.8666667,77.99213,57.99826,2.7868705E-6
throw,3,0.875,77.99249,57.99852,2.4203616E-6
throw,3,0.8833333,77.99274,57.99874,2.1018768E-6
throw,3,0.89166665,77.99298,57.99893,1.8251635E-6
throw,3,0.9,77.993164,57.9991,1.5847507E-6
throw,3,0.90833336,77.99335,57.999237,1.3759033E-6
throw,3,0.9166667,77.99347,57.99936,1.1944896E-6
throw,3,0.925,77.99359,57.99945,1.0369193E-6
throw,3,0.93333334,77.99365,57.999542,9.000697E-7
throw,3,0.94166666,77.99371,57.99961,7.8122576E-7
throw,3,0.95,77.993774,57.99968,6.7802637E-7
throw,3,0.9583333,77.993835,57.999725,5.884192E-7
throw,3,0.96666664,77.993835,57.99977,5.106199E-7
throw,3,0.975,77.9939,57.9998,4.4307674E-7
throw,3,0.98333335,77.9939,57.999832,3.8444435E-7
throw,3,0.9916667,77.9939,57.999863,3.33548E-7
throw,3,1.0,77.99396,57.999893,2.8937262E-7
throw,3,1.0083333,77.99396,57.99991,2.5103125E-7
throw,3,1.0166667,77.99396,57.999924,2.1775753E-7
throw,3,1.025,77.99396,57.99994,1.8888203E-7
throw,3,1.0333333,77.99396,57.999947,1.6382641E-7
throw,3,1.0416666,77.99402,57.999954,1.4208561E-7
throw,3,1.05,77.99402,57.99996,1.2322332E-7
throw,3,1.0583333,77.99402,57.99997,1.06858565E-7
throw,3,1.0666667,77.99402,57.999977,9.2661956E-8
throw,3,1.075,77.99402,57.999985,8.034731E-8
throw,3,1.0833334,77.99402,57.999985,6.9665205E-8
throw,3,1.0916667,77.99402,57.999985,6.040028E-8
throw,3,1.1,77.99402,57.999985,5.236455E-8
throw,3,1.1083333,77.99402,57.999985,4.539572E-8
throw,3,1.1166667,77.99402,57.999992,3.9352148E-8
throw,3,1.125,77.99402,57.999992,3.4111572E-8
throw,3,1.1333333,77.99402,58.0,2.9567303E-8
throw,3,1.1416667,77.99402,58.0,2.5627257E-8
throw,3,1.15,77.99402,58.0,2.221108E-8
throw,3,1.1583333,77.99402,58.0,1.9249446E-8
throw,3,1.1666666,77.99402,58.0,1.6681865E-8
throw,3,1.175,77.99402,58.0,1.4456146E-8
throw,3,1.1833333,77.99402,58.0,1.252676E-8
throw,3,1.1916667,77.99402,58.0,1.085439E-8
throw,3,1.2,77.99402,58.0,9.404905E-9
throw,3,1.2083334,77.99402,58.0,8.148593E-9
throw,3,1.2166667,77.99402,58.0,7.0598185E-9
throw,3,1.225,77.99402,58.0,6.1162355E-9
throw,3,1.2333333,77.99402,58.0,5.2985634E-9
throw,3,1.2416667,77.99402,58.0,4.589995E-9
throw,3,1.25,77.99402,58.0,3.9760337E-9
throw,3,1.2583333,77.99402,58.0,3.4440424E-9
throw,3,1.2666667,77.99402,58.0,2.983123E-9
throw,3,1.275,77.99402,58.0,2.5837765E-9
throw,3,1.2833333,77.99402,58.0,2.237811E-9
throw,3,1.2916666,77.99402,58.0,1.938087E-9
throw,3,1.3,77.99402,58.0,1.6784494E-9
throw,3,1.3083333,77.99402,58.0,1.4535336E-9
throw,3,1.3166667,77.99402,58.0,1.2587101E-9
throw,3,1.325,77.99402,58.0,1.089964E-9
throw,3,1.3333334,77.99402,58.0,9.438021E-10
throw,3,1.3416667,77.99402,58.0,8.172141E-10
throw,3,1.35,77.99402,58.0,7.0757683E-10
throw,3,1.3583333,77.99402,58.0,6.1262934E-10
throw,3,1.3666667,77.99402,58.0,5.30402E-10
throw,3,1.375,77.99402,58.0,4.5919732E-10
throw,3,1.3833333,77.99402,58.0,3.975366E-10
throw,3,1.3916667,77.99402,58.0,3.4414543E-10
throw,3,1.4,77.99402,58.0,2.9791392E-10
throw,3,1.4083333,77.99402,58.0,2.5788557E-10
throw,3,1.4166666,77.99402,58.0,2.232274E-10
throw,3,1.425,77.99402,58.0,1.9322163E-10
throw,3,1.4333333,77.99402,58.0,1.672432E-10
throw,3,1.4416667,77.99402,58.0,1.4475302E-10
throw,3,1.45,77.99402,58.0,1.2528384E-10
throw,3,1.4583334,77.99402,58.0,1.0842951E-10
throw,3,1.4666667,77.99402,58.0,9.3840095E-11
throw,3,1.475,77.99402,58.0,8.121096E-11
throw,3,1.4833333,77.99402,58.0,7.027968E-11
throw,3,1.4916667,77.99402,58.0,6.0817754E-11
throw,3,1.5,77.99402,58.0,5.2628398E-11
throw,3,1.5083333,77.99402,58.0,4.5540287E-11
throw,3,1.5166667,77.99402,58.0,3.9405857E-11
throw,3,1.525,77.99402,58.0,3.409666E-11
throw,3,1.5333333,77.99402,58.0,2.950207E-11
throw,3,1.5416666,77.99402,58.0,2.5525812E-11
throw,3,1.55,77.99402,58.0,2.2084954E-11
throw,3,1.5583333,77.99402,58.0,1.910733E-11
throw,3,1.5666667,77.99402,58.0,1.6530725E-11
throw,3,1.575,77.99402,58.0,1.4301251E-11
throw,3,1.5833334,77.99402,58.0,1.2372094E-11
throw,3,1.5916667,77.99402,58.0,1.0702934E-11
throw,3,1.6,77.99402,58.0,9.258692E-12
throw,3,1.6083333,77.99402,58.0,8.009163E-12
throw,3,1.6166667,77.99402,58.0,6.9280666E-12
throw,3,1.625,77.99402,58.0,5.9927736E-12
throw,3,1.6333333,77.99402,58.0,5.183597E-12
throw,3,1.6416667,77.99402,58.0,4.4835893E-12
throw,3,1.65,77.99402,58.0,3.8780034E-12
throw,3,1.6583333,77.99402,58.0,3.354146E-12
throw,3,1.6666666,77.99402,58.0,2.9009733E-12
throw,3,1.675,77.99402,58.0,2.5089791E-12
throw,3,1.6833333,77.99402,58.0,2.169894E-12
throw,3,1.6916667,77.99402,58.0,1.876593E-12
throw,3,1.7,77.99402,58.0,1.6229063E-12
throw,3,1.7083334,77.99402,58.0,1.403477E-12
throw,3,1.7166667,77.99402,58.0,1.213694E-12
throw,3,1.725,77.99402,58.0,1.0495466E-12
throw,3,1.7333333,77.99402,58.0,9.075834E-13
throw,3,1.7416667,77.99402,58.0,7.8480224E-13
throw,3,1.75,77.99402,58.0,6.7861943E-13
throw,3,1.7583333,77.99402,58.0,5.867882E-13
throw,3,1.7666667,77.99402,58.0,5.0737496E-13
throw,3,1.775,77.99402,58.0,4.3869823E-13
throw,3,1.7833333,77.99402,58.0,3.79311E-13
throw,3,1.7916666,77.99402,58.0,3.2795508E-13
throw,3,1.8,77.99402,58.0,2.8354773E-13
throw,3,1.8083333,77.99402,58.0,2.451475E-13
throw,3,1.8166667,77.99402,58.0,2.1194347E-13
throw,3,1.825,77.99402,58.0,1.8323387E-13
throw,3,1.8333334,77.99402,58.0,1.584095E-13
throw,3,1.8416667,77.99402,58.0,1.369462E-13
throw,3,1.85,77.99402,58.0,1.1838826E-13
throw,3,1.8583333,77.99402,58.0,1.02343616E-13
throw,3,1.8666667,77.99402,58.0,8.84714E-14
throw,3,1.875,77.99402,58.0,7.6478374E-14
throw,3,1.8833333,77.99402,58.0,6.61096E-14
throw,3,1.8916667,77.99402,58.0,5.7145776E-14
throw,3,1.9,77.99402,58.0,4.9396258E-14
throw,3,1.9083333,77.99402,58.0,4.2697047E-14
throw,3,1.9166666,77.99402,58.0,3.6905578E-14
throw,3,1.925,77.99402,58.0,3.189923E-14
throw,3,1.9333333,77.99402,58.0,2.7571407E-14
throw,3,1.9416667,77.99402,58.0,2.383033E-14
throw,3,1.95,77.99402,58.0,2.0596592E-14
throw,3,1.9583334,77.99402,58.0,1.7801288E-14
throw,3,1.9666667,77.99402,58.0,1.5385152E-14
throw,3,1.975,77.99402,58.0,1.3296676E-14
throw,3,1.9833333,77.99402,58.0,1.14915545E-14
throw,3,1.9916667,77.99402,58.0,9.931286E-15
throw,3,2.0,77.99402,58.0,8.5827545E-15
