seconds,phase,width,height
0.0,0.0,229.98074,162.0
0.0020833334,0.0012091434,229.98074,162.0
0.004166667,0.0046789767,230.02551,162.00925
0.00625,0.010185936,230.2219,162.04858
0.008333334,0.017523255,230.669,162.13495
0.010416667,0.026499199,231.41937,162.27426
0.0125,0.036936518,232.4931,162.46536
0.014583333,0.048671298,233.89223,162.70364
0.016666668,0.061552107,235.60864,162.9831
0.01875,0.07543938,237.62854,163.29718
0.020833334,0.09020426,239.935,163.63953
0.022916667,0.10572799,242.50946,164.00427
0.025,0.12190162,245.33221,164.38583
0.027083334,0.13862471,248.38332,164.7793
0.029166667,0.15580526,251.64282,165.18033
0.03125,0.1733588,255.09082,165.58502
0.033333335,0.19120812,258.70776,165.99002
0.035416666,0.20928262,262.47467,166.39246
0.0375,0.22751787,266.37286,166.78992
0.039583333,0.24585515,270.38428,167.18033
0.041666668,0.26424122,274.49133,167.56189
0.04375,0.28262767,278.67725,167.9332
0.045833334,0.30097082,282.92566,168.29309
0.047916666,0.31923106,287.22083,168.64075
0.05,0.33737275,291.54773,168.97534
0.052083332,0.35536426,295.89197,169.29645
0.054166667,0.37317696,300.23962,169.6037
0.05625,0.3907855,304.57745,169.89679
0.058333334,0.40816733,308.89313,170.17572
0.060416665,0.42530283,313.17444,170.44043
0.0625,0.4421746,317.4101,170.69104
0.06458333,0.45876768,321.58936,170.92764
0.06666667,0.47506908,325.70203,171.15045
0.06875,0.49106774,329.73853,171.35977
0.07083333,0.50675446,333.69003,171.55585
0.072916664,0.5221217,337.54785,171.73895
0.075,0.53716314,341.3042,171.90945
0.077083334,0.55187416,344.9517,172.06772
0.079166666,0.56625104,348.48364,172.21405
0.08125,0.5802915,351.89368,172.34879
0.083333336,0.59399414,355.176,172.47229
0.08541667,0.6073585,358.3252,172.58496
0.0875,0.62038505,361.33655,172.68701
0.08958333,0.6330748,364.2056,172.77887
0.09166667,0.64542985,366.92847,172.86078
0.09375,0.6574525,369.5016,172.93301
0.09583333,0.6691458,371.92175,172.99591
0.09791667,0.6805133,374.18628,173.04968
0.1,0.6915589,376.29285,173.09457
0.10208333,0.7022871,378.2394,173.1308
0.104166664,0.71270245,380.0243,173.1586
0.10625,0.7228101,381.64612,173.1781
0.108333334,0.73261505,383.10388,173.18954
0.110416666,0.742123,384.39685,173.19302
0.1125,0.75133955,385.5244,173.18866
0.114583336,0.7602705,386.48645,173.17664
0.11666667,0.7689217,387.28296,173.15704
0.11875,0.7772993,387.91443,173.12994
0.12083333,0.78540933,388.38098,173.09546
0.12291667,0.7932581,388.6836,173.05362
0.125,0.8008516,388.82324,173.00455
0.12708333,0.80819625,388.8009,172.94824
0.12916666,0.81529814,388.61804,172.88483
0.13125,0.8221635,388.276,172.81436
0.13333334,0.8287986,387.77686,172.73688
0.13541667,0.8352095,387.12207,172.6524
0.1375,0.84140223,386.3141,172.5611
0.13958333,0.8473829,385.35498,172.46298
0.14166667,0.8531574,384.2473,172.35815
0.14375,0.85873175,382.99377,172.24664
0.14583333,0.8641116,381.59717,172.12872
0.14791666,0.86930275,380.06067,172.00436
0.15,0.8743108,378.38733,171.87378
0.15208334,0.8791412,376.5808,171.73712
0.15416667,0.8837994,374.64465,171.5946
0.15625,0.8882907,372.5829,171.44635
0.15833333,0.89262027,370.3994,171.29266
0.16041666,0.89679325,368.09875,171.13376
0.1625,0.90081465,365.68518,170.96985
0.16458334,0.9046893,363.16357,170.8013
0.16666667,0.9084218,360.53882,170.62836
0.16875,0.91201705,357.8161,170.45135
0.17083333,0.9154794,355.00073,170.27069
0.17291667,0.9188133,352.09802,170.08661
0.175,0.92202306,349.1139,169.89954
0.17708333,0.9251128,346.0542,169.70984
0.17916666,0.92808664,342.92474,169.51788
0.18125,0.93094856,339.7317,169.3241
0.18333334,0.9337024,336.48145,169.1289
0.18541667,0.9363519,333.18,168.93262
0.1875,0.9389006,329.83405,168.73569
0.18958333,0.94135207,326.4499,168.53848
0.19166666,0.9437098,323.03406,168.34137
0.19375,0.94597703,319.59308,168.14484
0.19583334,0.948157,316.13318,167.9491
0.19791667,0.9502529,312.66125,167.75458
0.2,0.9522676,309.1834,167.56165
0.20208333,0.95420414,305.70612,167.37054
0.20416667,0.9560653,302.23535,167.18164
0.20625,0.95785385,298.77753,166.99524
0.20833333,0.95957243,295.33844,166.81155
0.21041666,0.96122366,291.92395,166.63086
0.2125,0.9628099,288.53986,166.4534
0.21458334,0.9643337,285.1914,166.27936
0.21666667,0.96579736,281.88403,166.10889
0.21875,0.9672031,278.62268,165.94223
0.22083333,0.968553,275.4123,165.77948
0.22291666,0.96984935,272.25726,165.62076
0.225,0.971094,269.16235,165.46619
0.22708334,0.97228897,266.1311,165.31586
0.22916667,0.9734361,263.1678,165.1698
0.23125,0.9745373,260.27576,165.02814
0.23333333,0.9755943,257.4585,164.89084
0.23541667,0.97660863,254.71887,164.75793
0.2375,0.97758216,252.05963,164.62946
0.23958333,0.97851634,249.48328,164.50537
0.24166666,0.97941273,246.99207,164.38562
0.24375,0.98027277,244.58777,164.2702
0.24583334,0.9810979,242.2724,164.15912
0.24791667,0.9818895,240.047,164.05225
0.25,0.98264885,237.91284,163.94952
0.25208333,0.98337716,235.87085,163.85089
0.25416666,0.9840758,233.92163,163.75635
0.25625,0.98474574,232.06555,163.66565
0.25833333,0.9853882,230.30273,163.57886
0.26041666,0.98600435,228.63245,163.49506
0.2625,0.98659515,227.07117,163.43109
0.26458332,0.9871616,225.64319,163.41156
0.26666668,0.98770463,224.36035,163.44897
0.26875,0.9882253,223.22632,163.54773
0.27083334,0.98872435,222.23914,163.70679
0.27291667,0.9892028,221.39307,163.92169
0.275,0.98966134,220.68018,164.18582
0.27708334,0.9901008,220.09143,164.49164
0.27916667,0.9905221,219.61731,164.83105
0.28125,0.9909257,219.24792,165.19614
0.28333333,0.99131256,218.97375,165.57922
0.28541666,0.99168324,218.78564,165.97314
0.2875,0.9920384,218.6753,166.37152
0.28958333,0.9923788,218.63428,166.7684
0.29166666,0.9927048,218.65552,167.15875
0.29375,0.99301726,218.73206,167.53806
0.29583332,0.9933166,218.85779,167.90253
0.29791668,0.9936032,219.02673,168.24896
0.3,0.9938779,219.23401,168.57465
0.30208334,0.994141,219.47473,168.87744
0.30416667,0.994393,219.7445,169.15564
0.30625,0.99463433,220.03967,169.40799
0.30833334,0.9948654,220.35657,169.63354
0.31041667,0.9950867,220.69177,169.83167
0.3125,0.9952987,221.04266,170.00214
0.31458333,0.99550164,221.40637,170.14484
0.31666666,0.995696,221.78046,170.26001
0.31875,0.99588215,222.16278,170.3479
0.32083333,0.9960603,222.55109,170.40918
0.32291666,0.9962309,222.94385,170.44446
0.325,0.9963942,223.33899,170.45453
0.32708332,0.99655056,223.73517,170.4403
0.32916668,0.9967002,224.13092,170.40271
0.33125,0.9968435,224.52502,170.3429
0.33333334,0.99698067,224.91608,170.2619
0.33541667,0.997112,225.3031,170.16095
0.3375,0.9972377,225.68506,170.04114
0.33958334,0.997358,226.06116,169.90375
0.34166667,0.9974731,226.43054,169.74994
0.34375,0.9975833,226.79236,169.58093
0.34583333,0.9976888,227.14606,169.39801
0.34791666,0.9977896,227.4909,169.2024
0.35,0.9978862,227.8263,168.99518
0.35208333,0.99797857,228.15204,168.77765
0.35416666,0.99806696,228.4674,168.55093
0.35625,0.9981516,228.77216,168.31616
0.35833332,0.99823254,229.06598,168.0744
0.36041668,0.99830997,229.34845,167.82678
0.3625,0.99838406,229.6195,167.57431
0.36458334,0.9984549,229.87878,167.31796
0.36666667,0.99852276,230.12628,167.05872
0.36875,0.9985876,230.36176,166.79749
0.37083334,0.99864966,230.5852,166.53516
0.37291667,0.998709,230.79663,166.27255
0.375,0.9987658,230.99597,166.01047
0.37708333,0.9988201,231.18317,165.74963
0.37916666,0.9988721,231.3584,165.49078
0.38125,0.9989218,231.52179,165.2345
0.38333333,0.9989693,231.67316,164.9815
0.38541666,0.9990148,231.81299,164.73236
0.3875,0.99905825,231.94116,164.48755
0.38958332,0.9990999,232.0581,164.24756
0.39166668,0.99913967,232.16382,164.01294
0.39375,0.99917763,232.26868,163.79419
0.39583334,0.999214,232.38019,163.5987
0.39791667,0.9992488,232.49536,163.42389
0.4,0.999282,232.61237,163.26773
0.40208334,0.99931383,232.729,163.12817
0.40416667,0.99934417,232.84375,163.00354
0.40625,0.99937326,232.9552,162.89221
0.40833333,0.99940103,233.06195,162.79282
0.41041666,0.9994276,233.16302,162.7041
0.4125,0.99945307,233.25763,162.62494
0.41458333,0.9994773,233.34491,162.55438
0.41666666,0.9995006,233.4242,162.4914
0.41875,0.99952275,233.49524,162.4353
0.42083332,0.9995439,233.55743,162.38531
0.42291668,0.9995642,233.61072,162.34079
0.425,0.9995836,233.65485,162.30115
0.42708334,0.9996022,233.68964,162.26593
0.42916667,0.9996199,233.71509,162.23456
0.43125,0.9996369,233.73145,162.20673
0.43333334,0.99965304,233.73859,162.18195
0.43541667,0.99966854,233.73676,162.15997
0.4375,0.9996833,233.7262,162.14047
0.43958333,0.99969745,233.70703,162.12317
0.44166666,0.9997109,233.67975,162.10788
0.44375,0.99972385,233.64441,162.0943
0.44583333,0.9997362,233.60144,162.08234
0.44791666,0.999748,233.55127,162.07172
0.45,0.99975926,233.49414,162.06238
0.45208332,0.99977005,233.4306,162.05408
0.45416668,0.99978036,233.36084,162.04681
0.45625,0.99979025,233.28546,162.0404
0.45833334,0.9997996,233.20483,162.03479
0.46041667,0.99980867,233.11926,162.02982
0.4625,0.9998172,233.02924,162.02545
0.46458334,0.99982536,232.93512,162.02167
0.46666667,0.9998332,232.8374,162.01834
0.46875,0.99984074,232.73663,162.01544
0.47083333,0.9998479,232.63281,162.01288
0.47291666,0.99985474,232.52673,162.01068
0.475,0.9998613,232.41864,162.00879
0.47708333,0.9998675,232.30878,162.00714
0.47916666,0.99987346,232.19775,162.00574
0.48125,0.9998792,232.08588,162.00449
0.48333332,0.9998846,231.97327,162.00342
0.48541668,0.9998898,231.86053,162.00253
0.4875,0.99989474,231.7478,162.00177
0.48958334,0.9998995,231.6355,162.0011
0.49166667,0.99990404,231.5238,162.00055
0.49375,0.9999084,231.41321,162.00009
0.49583334,0.99991256,231.30383,161.99973
0.49791667,0.99991643,231.1958,161.99939
0.5,0.99992025,231.08948,161.99915
0.50208336,0.9999239,230.9851,161.99896
0.50416666,0.99992734,230.88293,161.99878
0.50625,0.9999306,230.78296,161.99866
0.5083333,0.9999338,230.68549,161.99857
0.5104167,0.9999368,230.59076,161.9985
0.5125,0.9999397,230.49866,161.99847
0.51458335,0.99994236,230.4096,161.99841
0.51666665,0.999945,230.32349,161.99841
0.51875,0.9999474,230.24048,161.99841
0.5208333,0.9999498,230.16077,161.99847
0.5229167,0.9999521,230.08423,161.99847
0.525,0.9999542,230.01117,161.99854
0.52708334,0.9999563,229.94135,161.99857
0.52916664,0.99995834,229.87555,161.99902
0.53125,0.99996024,229.81439,162.00073
0.53333336,0.99996203,229.75867,162.00446
0.53541666,0.9999637,229.7088,162.0105
0.5375,0.9999653,229.66473,162.01892
0.5395833,0.99996686,229.62628,162.02957
0.5416667,0.99996835,229.59338,162.04224
0.54375,0.9999698,229.56567,162.05664
0.54583335,0.99997115,229.54266,162.07248
0.54791665,0.99997246,229.52405,162.08936
0.55,0.9999737,229.5094,162.10706
0.5520833,0.9999749,229.49854,162.12518
0.5541667,0.99997604,229.49084,162.14355
0.55625,0.9999771,229.4862,162.16187
0.55833334,0.9999781,229.48438,162.17987
0.56041664,0.99997914,229.48499,162.19751
0.5625,0.99998003,229.48767,162.21448
0.56458336,0.999981,229.49231,162.23077
0.56666666,0.9999818,229.49878,162.24615
0.56875,0.99998266,229.50696,162.26065
0.5708333,0.99998343,229.51624,162.27411
0.5729167,0.9999842,229.52698,162.28647
0.575,0.9999849,229.53876,162.29773
0.57708335,0.9999856,229.55139,162.30789
0.57916665,0.99998623,229.565,162.31686
0.58125,0.9999868,229.57922,162.3247
0.5833333,0.9999874,229.59412,162.33136
0.5854167,0.99998796,229.60962,162.33691
0.5875,0.9999885,229.62537,162.34131
0.58958334,0.99998903,229.6416,162.3446
0.59166664,0.9999895,229.65802,162.3468
0.59375,0.99999,229.67474,162.34802
0.59583336,0.99999046,229.69147,162.3482
0.59791666,0.9999909,229.70831,162.34741
0.6,0.9999913,229.72522,162.3457
0.6020833,0.99999166,229.74213,162.34314
0.6041667,0.9999921,229.75885,162.33972
0.60625,0.99999243,229.77539,162.33551
0.60833335,0.9999927,229.79175,162.33054
0.61041665,0.9999931,229.80792,162.32489
0.6125,0.9999934,229.82391,162.31857
0.6145833,0.9999937,229.83954,162.31165
0.6166667,0.999994,229.85474,162.3042
0.61875,0.9999943,229.86969,162.2962
0.62083334,0.9999945,229.88422,162.28778
0.62291664,0.99999475,229.89844,162.27893
0.625,0.999995,229.91199,162.26965
0.62708336,0.99999523,229.9253,162.26013
0.62916666,0.99999547,229.93811,162.25024
0.63125,0.9999957,229.95038,162.24017
0.6333333,0.9999959,229.9621,162.22986
0.6354167,0.99999607,229.97345,162.21942
0.6375,0.99999624,229.98425,162.2088
0.63958335,0.99999636,229.99445,162.19812
0.64166665,0.99999654,230.00421,162.18738
0.64375,0.99999666,230.0133,162.17657
0.6458333,0.99999684,230.02203,162.16583
0.6479167,0.999997,230.03015,162.15509
0.65,0.99999714,230.03772,162.14444
0.65208334,0.9999973,230.0448,162.13385
0.65416664,0.99999744,230.05139,162.12344
0.65625,0.9999976,230.0575,162.11313
0.65833336,0.9999977,230.06299,162.10303
0.66041666,0.9999978,230.068,162.09308
0.6625,0.99999785,230.07257,162.08331
0.6645833,0.9999979,230.07709,162.07422
0.6666667,0.999998,230.08179,162.0661
0.66875,0.9999981,230.08679,162.05884
0.67083335,0.99999815,230.09174,162.05237
0.67291665,0.9999982,230.09662,162.04654
0.675,0.99999833,230.10156,162.04138
0.6770833,0.9999984,230.10614,162.03674
0.6791667,0.99999845,230.11066,162.0326
0.68125,0.9999985,230.11487,162.02893
0.68333334,0.9999986,230.1189,162.02563
0.68541664,0.9999987,230.12262,162.0227
0.6875,0.99999875,230.12592,162.02008
0.68958336,0.99999887,230.12878,162.0177
0.69166666,0.9999989,230.13116,162.01544
0.69375,0.999999,230.13312,162.0133
0.6958333,0.99999905,230.13452,162.01126
0.6979167,0.99999917,230.13556,162.00934
0.7,0.9999992,230.13605,162.00757
0.70208335,0.9999993,230.13629,162.00589
0.70416665,0.9999994,230.13599,162.00436
0.70625,0.9999994,230.1355,162.00299
0.7083333,0.9999994,230.13452,162.00174
0.7104167,0.9999994,230.1333,162.00061
0.7125,0.9999994,230.13165,161.9996
0.71458334,0.9999994,230.12988,161.99872
0.71666664,0.9999994,230.12769,161.99786
0.71875,0.9999994,230.12524,161.99716
0.72083336,0.9999994,230.12256,161.99652
0.72291666,0.9999994,230.11963,161.99597
0.725,0.9999994,230.11646,161.99548
0.7270833,0.9999994,230.1131,161.99506
0.7291667,0.9999994,230.10956,161.99466
0.73125,0.9999994,230.10577,161.99435
0.73333335,0.9999994,230.10187,161.99408
0.73541665,0.9999994,230.0979,161.99387
0.7375,0.9999994,230.09375,161.99368
0.7395833,0.9999994,230.08936,161.99353
0.7416667,0.9999994,230.08496,161.99344
0.74375,0.9999994,230.08057,161.99335
0.74583334,0.9999994,230.07599,161.99332
0.74791664,0.9999994,230.07135,161.99329
0.75,0.9999994,230.06683,161.99329
0.75208336,0.9999994,230.0622,161.99335
0.75416666,0.9999994,230.05743,161.99335
0.75625,0.9999994,230.0528,161.99344
0.7583333,0.9999994,230.04816,161.99353
0.7604167,0.9999994,230.04352,161.99359
0.7625,0.9999994,230.039,161.99371
0.76458335,0.9999994,230.03442,161.9938
0.76666665,0.9999994,230.03003,161.99393
0.76875,0.9999994,230.02557,161.99408
0.7708333,0.9999994,230.02124,161.9942
0.7729167,0.9999994,230.01703,161.99432
0.775,0.9999994,230.01288,161.99448
0.77708334,0.9999994,230.00879,161.99463
0.77916664,0.9999994,230.00488,161.99478
0.78125,0.9999994,230.00098,161.99493
0.78333336,0.9999994,229.99731,161.99509
0.78541666,0.9999994,229.99371,161.99524
0.7875,0.9999994,229.99023,161.99539
0.7895833,0.9999994,229.98688,161.99554
0.7916667,0.9999994,229.9837,161.99573
0.79375,0.9999994,229.98071,161.99585
0.79583335,0.9999994,229.97778,161.99603
0.79791665,0.9999994,229.97504,161.99615
0.8,0.9999994,229.97241,161.99634
0.8020833,0.9999994,229.96991,161.99646
0.8041667,0.9999994,229.96753,161.99661
0.80625,0.9999994,229.96533,161.99677
0.80833334,0.9999994,229.96332,161.99689
0.81041664,0.9999994,229.96136,161.99701
0.8125,0.9999994,229.95953,161.99716
0.81458336,0.9999994,229.95801,161.99731
0.81666666,0.9999994,229.95648,161.99744
0.81875,0.9999994,229.95508,161.99756
0.8208333,0.9999994,229.95386,161.99768
0.8229167,0.9999994,229.9527,161.99777
0.825,0.9999994,229.95184,161.9979
0.82708335,0.9999994,229.95093,161.99802
0.82916665,0.9999994,229.9502,161.99811
0.83125,0.9999994,229.9497,161.99823
0.8333333,0.9999994,229.94922,161.99832
0.8354167,0.9999994,229.94873,161.99841
0.8375,0.9999994,229.94849,161.99854
0.83958334,0.9999994,229.9483,161.9986
0.84166664,0.9999994,229.94824,161.99869
0.84375,0.9999994,229.94824,161.99878
0.84583336,0.9999994,229.94843,161.99884
0.84791666,0.9999994,229.94855,161.99893
0.85,0.9999994,229.94891,161.99902
0.8520833,0.9999994,229.94922,161.99908
0.8541667,0.9999994,229.9497,161.99915
0.85625,0.9999994,229.9502,161.9992
0.85833335,0.9999994,229.95068,161.99927
0.86041665,0.9999994,229.95135,161.99933
0.8625,0.9999994,229.95197,161.99939
0.8645833,0.9999994,229.95264,161.99945
0.8666667,0.9999994,229.95343,161.99951
0.86875,0.9999994,229.95428,161.99954
0.87083334,0.9999994,229.95508,161.99957
0.87291664,0.9999994,229.956,161.99963
0.875,0.9999994,229.95679,161.9997
0.87708336,0.9999994,229.95776,161.99973
0.87916666,0.9999994,229.95874,161.99976
0.88125,0.9999994,229.95972,161.99982
0.8833333,0.9999994,229.9607,161.99982
0.8854167,0.9999994,229.96167,161.99988
0.8875,0.9999994,229.96265,161.99991
0.88958335,0.9999994,229.96362,161.99994
0.89166665,0.9999994,229.9646,161.99994
0.89375,0.9999994,229.96558,162.0
0.8958333,0.9999994,229.96655,162.0
0.8979167,0.9999994,229.96753,162.00006
0.9,0.9999994,229.9685,162.00006
0.90208334,0.9999994,229.96948,162.00006
0.90416664,0.9999994,229.97046,162.00009
0.90625,0.9999994,229.97144,162.00012
0.90833336,0.9999994,229.97235,162.00012
0.91041666,0.9999994,229.9732,162.00015
0.9125,0.9999994,229.97412,162.00015
0.9145833,0.9999994,229.97491,162.00018
0.9166667,0.9999994,229.97583,162.00018
0.91875,0.9999994,229.97656,162.00018
0.92083335,0.9999994,229.97736,162.00021
0.92291665,0.9999994,229.97809,162.00021
0.925,0.9999994,229.97882,162.00024
0.9270833,0.9999994,229.97949,162.00024
0.9291667,0.9999994,229.98022,162.00024
0.93125,0.9999994,229.98077,162.00024
0.93333334,0.9999994,229.98145,162.00024
0.93541664,0.9999994,229.982,162.00027
0.9375,0.9999994,229.9826,162.00027
0.93958336,0.9999994,229.9831,162.00027
0.94166666,0.9999994,229.98358,162.0003
0.94375,0.9999994,229.98407,162.0003
0.9458333,0.9999994,229.98444,162.0003
0.9479167,0.9999994,229.98486,162.0003
0.95,0.9999994,229.98517,162.0003
0.95208335,0.9999994,229.9856,162.0003
0.95416665,0.9999994,229.98584,162.0003
0.95625,0.9999994,229.98608,162.0003
0.9583333,0.9999994,229.98633,162.0003
0.9604167,0.9999994,229.98657,162.0003
0.9625,0.9999994,229.98682,162.0003
0.96458334,0.9999994,229.987,162.0003
0.96666664,0.9999994,229.98706,162.0003
0.96875,0.9999994,229.98724,162.0003
0.97083336,0.9999994,229.9873,162.0003
0.97291666,0.9999994,229.98737,162.00034
0.975,0.9999994,229.98749,162.00034
0.9770833,0.9999994,229.98755,162.00034
0.9791667,0.9999994,229.98755,162.00034
0.98125,0.9999994,229.98755,162.00034
0.98333335,0.9999994,229.98749,162.00034
0.98541665,0.9999994,229.98737,162.0003
0.9875,0.9999994,229.9873,162.0003
0.9895833,0.9999994,229.9873,162.0003
0.9916667,0.9999994,229.98712,162.0003
0.99375,0.9999994,229.98706,162.0003
0.99583334,0.9999994,229.987,162.0003
0.99791664,0.9999994,229.98682,162.0003
1.0,0.9999994,229.98676,162.0003
