seconds,phase,width,height,formation
0.00000000,0.00000000,229.980743,162.000000,0.00000000
0.00208333,0.00120914,229.980743,162.000000,0.00000000
0.00416667,0.00467898,230.025513,162.009247,0.00008081
0.00625000,0.01018594,230.221893,162.048584,0.00043076
0.00833333,0.01752326,230.669006,162.134949,0.00121495
0.01041667,0.02649920,231.419373,162.274261,0.00250812
0.01250000,0.03693652,232.493103,162.465363,0.00432415
0.01458333,0.04867130,233.892227,162.703644,0.00664428
0.01666667,0.06155211,235.608643,162.983093,0.00943325
0.01875000,0.07543938,237.628540,163.297180,0.01264815
0.02083333,0.09020426,239.934998,163.639526,0.01624309
0.02291667,0.10572799,242.509460,164.004272,0.02017191
0.02500000,0.12190162,245.332214,164.385834,0.02438977
0.02708333,0.13862471,248.383316,164.779297,0.02885388
0.02916667,0.15580526,251.642822,165.180328,0.03352401
0.03125000,0.17335880,255.090820,165.585022,0.03836273
0.03333334,0.19120812,258.707764,165.990021,0.04333547
0.03541667,0.20928262,262.474670,166.392456,0.04841045
0.03750000,0.22751787,266.372864,166.789917,0.05355872
0.03958333,0.24585515,270.384277,167.180328,0.05875389
0.04166667,0.26424122,274.491333,167.561890,0.06397213
0.04375000,0.28262767,278.677246,167.933197,0.06919186
0.04583333,0.30097082,282.925659,168.293091,0.07439378
0.04791667,0.31923106,287.220825,168.640747,0.07956056
0.05000000,0.33737275,291.547729,168.975342,0.08467682
0.05208333,0.35536426,295.891968,169.296448,0.08972883
0.05416667,0.37317696,300.239624,169.603699,0.09470458
0.05625000,0.39078549,304.577454,169.896790,0.09959337
0.05833333,0.40816733,308.893127,170.175720,0.10438599
0.06041666,0.42530283,313.174438,170.440430,0.10907430
0.06250000,0.44217461,317.410095,170.691040,0.11365139
0.06458333,0.45876768,321.589355,170.927643,0.11811125
0.06666667,0.47506908,325.702026,171.150452,0.12244887
0.06875000,0.49106774,329.738525,171.359772,0.12665993
0.07083333,0.50675446,333.690033,171.555847,0.13074094
0.07291666,0.52212173,337.547852,171.738953,0.13468900
0.07500000,0.53716314,341.304199,171.909454,0.13850184
0.07708333,0.55187416,344.951691,172.067719,0.14217760
0.07916667,0.56625104,348.483643,172.214050,0.14571494
0.08125000,0.58029151,351.893677,172.348785,0.14911288
0.08333334,0.59399414,355.175995,172.472290,0.15237083
0.08541667,0.60735852,358.325195,172.584961,0.15548837
0.08750000,0.62038505,361.336548,172.687012,0.15846543
0.08958333,0.63307482,364.205597,172.778870,0.16130209
0.09166667,0.64542985,366.928467,172.860779,0.16399863
0.09375000,0.65745252,369.501587,172.933014,0.16655540
0.09583333,0.66914582,371.921753,172.995911,0.16897292
0.09791667,0.68051332,374.186279,173.049683,0.17125177
0.10000000,0.69155890,376.292847,173.094574,0.17339256
0.10208333,0.70228708,378.239410,173.130798,0.17539594
0.10416666,0.71270245,380.024292,173.158600,0.17726257
0.10625000,0.72281009,381.646118,173.178101,0.17899317
0.10833333,0.73261505,383.103882,173.189545,0.18058835
0.11041667,0.74212301,384.396851,173.193024,0.18204877
0.11250000,0.75133955,385.524414,173.188660,0.18337503
0.11458334,0.76027048,386.486450,173.176636,0.18456772
0.11666667,0.76892167,387.282959,173.157043,0.18562737
0.11875000,0.77729928,387.914429,173.129944,0.18658255
0.12083333,0.78540933,388.380981,173.095459,0.18746015
0.12291667,0.79325807,388.683594,173.053619,0.18826014
0.12500000,0.80085158,388.823242,173.004547,0.18898235
0.12708333,0.80819625,388.800903,172.948242,0.18962663
0.12916666,0.81529814,388.618042,172.884827,0.19019277
0.13124999,0.82216352,388.276001,172.814362,0.19068052
0.13333334,0.82879859,387.776855,172.736877,0.19108962
0.13541667,0.83520949,387.122070,172.652405,0.19141978
0.13750000,0.84140223,386.314087,172.561096,0.19167073
0.13958333,0.84738290,385.354980,172.462982,0.19184220
0.14166667,0.85315740,384.247314,172.358154,0.19193394
0.14375000,0.85873175,382.993774,172.246643,0.19194575
0.14583333,0.86411160,381.597168,172.128723,0.19187744
0.14791666,0.86930275,380.060669,172.004364,0.19172890
0.15000001,0.87431079,378.387329,171.873779,0.19150010
0.15208334,0.87914121,376.580811,171.737122,0.19119105
0.15416667,0.88379937,374.644653,171.594604,0.19080189
0.15625000,0.88829070,372.582886,171.446350,0.19033284
0.15833333,0.89262027,370.399414,171.292664,0.18978423
0.16041666,0.89679325,368.098755,171.133759,0.18915653
0.16249999,0.90081465,365.685181,170.969849,0.18845031
0.16458334,0.90468931,363.163574,170.801300,0.18766630
0.16666667,0.90842181,360.538818,170.628357,0.18680532
0.16875000,0.91201705,357.816101,170.451355,0.18586838
0.17083333,0.91547942,355.000732,170.270691,0.18485662
0.17291667,0.91881329,352.098022,170.086609,0.18377131
0.17500000,0.92202306,349.113892,169.899536,0.18261391
0.17708333,0.92511278,346.054199,169.709839,0.18138593
0.17916666,0.92808664,342.924744,169.517883,0.18008912
0.18125001,0.93094856,339.731689,169.324097,0.17872530
0.18333334,0.93370241,336.481445,169.128906,0.17729643
0.18541667,0.93635190,333.179993,168.932617,0.17580462
0.18750000,0.93890059,329.834045,168.735687,0.17425205
0.18958333,0.94135207,326.449890,168.538483,0.17264104
0.19166666,0.94370979,323.034058,168.341370,0.17097397
0.19374999,0.94597703,319.593079,168.144836,0.16925333
0.19583334,0.94815701,316.133179,167.949097,0.16748171
0.19791667,0.95025289,312.661255,167.754578,0.16566169
0.20000000,0.95226759,309.183411,167.561646,0.16379596
0.20208333,0.95420414,305.706116,167.370544,0.16188723
0.20416667,0.95606530,302.235352,167.181641,0.15993825
0.20625000,0.95785385,298.777527,166.995239,0.15795177
0.20833333,0.95957243,295.338440,166.811554,0.15593059
0.21041666,0.96122366,291.923950,166.630859,0.15387748
0.21250001,0.96280992,288.539856,166.453400,0.15179519
0.21458334,0.96433371,285.191406,166.279358,0.14968649
0.21666667,0.96579736,281.884033,166.108887,0.14755408
0.21875000,0.96720308,278.622681,165.942230,0.14540067
0.22083333,0.96855301,275.412292,165.779480,0.14322887
0.22291666,0.96984935,272.257263,165.620758,0.14104129
0.22499999,0.97109401,269.162354,165.466187,0.13884047
0.22708334,0.97228897,266.131104,165.315857,0.13662890
0.22916667,0.97343612,263.167786,165.169800,0.13440897
0.23125000,0.97453731,260.275757,165.028137,0.13218305
0.23333333,0.97559428,257.458496,164.890839,0.12995338
0.23541667,0.97660863,254.718872,164.757935,0.12772219
0.23750000,0.97758216,252.059631,164.629456,0.12549156
0.23958333,0.97851634,249.483276,164.505371,0.12326356
0.24166666,0.97941273,246.992065,164.385620,0.12104012
0.24375001,0.98027277,244.587769,164.270203,0.11882311
0.24583334,0.98109788,242.272400,164.159119,0.11661433
0.24791667,0.98188949,240.046997,164.052246,0.11441546
0.25000000,0.98264885,237.912842,163.949524,0.11222813
0.25208333,0.98337716,235.870850,163.850891,0.11005387
0.25416666,0.98407578,233.921631,163.756348,0.10789412
0.25624999,0.98474574,232.065552,163.665649,0.10575026
0.25833333,0.98538822,230.302734,163.578857,0.10362355
0.26041666,0.98600435,228.633179,163.495789,0.10151523
0.26249999,0.98659515,227.056519,163.416382,0.09942640
0.26458332,0.98716158,225.572144,163.340515,0.09735811
0.26666668,0.98770463,224.179565,163.268127,0.09531133
0.26875001,0.98822528,222.877686,163.199036,0.09328698
0.27083334,0.98872435,221.665649,163.133179,0.09128589
0.27291667,0.98920280,220.541992,163.070496,0.08930881
0.27500001,0.98966134,219.505249,163.010773,0.08735644
0.27708334,0.99010080,218.554077,162.953979,0.08542941
0.27916667,0.99052209,217.686401,162.899994,0.08352829
0.28125000,0.99092573,216.900757,162.848694,0.08165358
0.28333333,0.99131256,216.194824,162.800018,0.07980575
0.28541666,0.99168324,215.566772,162.753784,0.07798518
0.28749999,0.99203843,215.014160,162.709961,0.07619222
0.28958333,0.99237877,214.534912,162.668457,0.07442718
0.29166666,0.99270481,214.126465,162.629089,0.07269029
0.29374999,0.99301726,213.786499,162.591858,0.07098175
0.29583332,0.99331659,213.512451,162.556580,0.06930172
0.29791668,0.99360323,213.301758,162.523254,0.06765030
0.30000001,0.99387789,213.151855,162.491760,0.06602760
0.30208334,0.99414098,213.059937,162.461975,0.06443366
0.30416667,0.99439299,213.023560,162.433838,0.06286846
0.30625001,0.99463433,213.039795,162.407288,0.06133198
0.30833334,0.99486542,213.106079,162.382263,0.05982417
0.31041667,0.99508673,213.219727,162.358643,0.05834493
0.31250000,0.99529868,213.377808,162.336365,0.05689414
0.31458333,0.99550164,213.577881,162.315369,0.05547167
0.31666666,0.99569601,213.817017,162.295624,0.05407736
0.31874999,0.99588215,214.092773,162.277039,0.05271101
0.32083333,0.99606031,214.402466,162.259521,0.05137241
0.32291666,0.99623090,214.743286,162.243042,0.05006134
0.32499999,0.99639422,215.112915,162.227539,0.04877755
0.32708332,0.99655056,215.508789,162.212952,0.04752078
0.32916668,0.99670023,215.928467,162.199280,0.04629074
0.33125001,0.99684352,216.369507,162.186432,0.04508715
0.33333334,0.99698067,216.829468,162.174377,0.04390972
0.33541667,0.99711198,217.306091,162.163025,0.04275811
0.33750001,0.99723768,217.797363,162.152405,0.04163201
0.33958334,0.99735802,218.300903,162.142426,0.04053107
0.34166667,0.99747312,218.814575,162.133057,0.03945496
0.34375000,0.99758333,219.336548,162.124298,0.03840333
0.34583333,0.99768877,219.864929,162.116089,0.03737581
0.34791666,0.99778962,220.397705,162.108398,0.03637205
0.34999999,0.99788618,220.933167,162.101135,0.03539166
0.35208333,0.99797857,221.469543,162.094391,0.03443429
0.35416666,0.99806696,222.005310,162.088074,0.03349956
0.35624999,0.99815160,222.538940,162.082153,0.03258708
0.35833332,0.99823254,223.068909,162.076630,0.03169648
0.36041668,0.99830997,223.593750,162.071472,0.03082737
0.36250001,0.99838406,224.112427,162.066589,0.02997937
0.36458334,0.99845493,224.623596,162.062073,0.02915211
0.36666667,0.99852276,225.126038,162.057861,0.02834520
0.36875001,0.99858761,225.618774,162.053894,0.02755825
0.37083334,0.99864966,226.100830,162.050232,0.02679088
0.37291667,0.99870902,226.571350,162.046753,0.02604272
0.37500000,0.99876583,227.029480,162.043518,0.02531338
0.37708333,0.99882013,227.474609,162.040527,0.02460249
0.37916666,0.99887210,227.905762,162.037720,0.02390967
0.38124999,0.99892181,228.322632,162.035095,0.02323456
0.38333333,0.99896932,228.724670,162.032654,0.02257679
0.38541666,0.99901479,229.111328,162.030396,0.02193599
0.38749999,0.99905825,229.482178,162.028259,0.02131181
0.38958332,0.99909991,229.836975,162.026306,0.02070387
0.39166668,0.99913967,230.175537,162.024445,0.02011184
0.39375001,0.99917763,230.497437,162.022736,0.01953536
0.39583334,0.99921399,230.802795,162.021118,0.01897409
0.39791667,0.99924880,231.091309,162.019623,0.01842769
0.40000001,0.99928200,231.362915,162.018250,0.01789583
0.40208334,0.99931383,231.617920,162.016937,0.01737816
0.40416667,0.99934417,231.856140,162.015747,0.01687437
0.40625000,0.99937326,232.077698,162.014618,0.01638414
0.40833333,0.99940103,232.282776,162.013580,0.01590714
0.41041666,0.99942762,232.471619,162.012604,0.01544307
0.41249999,0.99945307,232.644409,162.011719,0.01499162
0.41458333,0.99947733,232.801514,162.010864,0.01455249
0.41666666,0.99950057,232.942993,162.010071,0.01412539
0.41874999,0.99952275,233.069275,162.009369,0.01371002
0.42083332,0.99954391,233.180908,162.008698,0.01330609
0.42291668,0.99956417,233.277954,162.008057,0.01291333
0.42500001,0.99958360,233.361145,162.007477,0.01253146
0.42708334,0.99960220,233.430664,162.006927,0.01216022
0.42916667,0.99961990,233.487061,162.006409,0.01179933
0.43125001,0.99963689,233.530762,162.005981,0.01144854
0.43333334,0.99965304,233.562256,162.005524,0.01110759
0.43541667,0.99966854,233.581909,162.005127,0.01077623
0.43750000,0.99968332,233.590454,162.004761,0.01045422
0.43958333,0.99969745,233.588379,162.004395,0.01014131
0.44166666,0.99971092,233.575989,162.004089,0.00983728
0.44374999,0.99972385,233.553833,162.003784,0.00954190
0.44583333,0.99973619,233.522583,162.003479,0.00925494
0.44791666,0.99974799,233.482727,162.003235,0.00897617
0.44999999,0.99975926,233.434814,162.002991,0.00870539
0.45208332,0.99977005,233.379333,162.002777,0.00844239
0.45416668,0.99978036,233.316650,162.002563,0.00818694
0.45625001,0.99979025,233.247498,162.002380,0.00793888
0.45833334,0.99979961,233.172180,162.002197,0.00769798
0.46041667,0.99980867,233.091431,162.002045,0.00746406
0.46250001,0.99981719,233.005615,162.001892,0.00723693
0.46458334,0.99982536,232.915283,162.001770,0.00701642
0.46666667,0.99983323,232.820801,162.001617,0.00680233
0.46875000,0.99984074,232.722595,162.001526,0.00659449
0.47083333,0.99984789,232.621338,162.001404,0.00639275
0.47291666,0.99985474,232.517273,162.001282,0.00619692
0.47499999,0.99986130,232.410950,162.001160,0.00600684
0.47708333,0.99986750,232.302795,162.001099,0.00582237
0.47916666,0.99987346,232.193115,162.001038,0.00564333
0.48124999,0.99987918,232.082275,162.000946,0.00546959
0.48333332,0.99988461,231.970764,162.000854,0.00530100
0.48541668,0.99988979,231.858704,162.000793,0.00513740
0.48750001,0.99989474,231.746826,162.000732,0.00497867
0.48958334,0.99989951,231.635071,162.000702,0.00482466
0.49166667,0.99990404,231.523987,162.000641,0.00467524
0.49375001,0.99990839,231.413696,162.000580,0.00453029
0.49583334,0.99991256,231.304565,162.000549,0.00438968
0.49791667,0.99991643,231.196838,162.000488,0.00425328
0.50000000,0.99992025,231.090759,162.000458,0.00412097
0.50208336,0.99992388,230.986572,162.000427,0.00399264
0.50416666,0.99992734,230.884583,162.000366,0.00386818
0.50625002,0.99993062,230.784668,162.000366,0.00374746
0.50833333,0.99993378,230.687317,162.000336,0.00363040
0.51041669,0.99993682,230.592529,162.000305,0.00351687
0.51249999,0.99993968,230.500549,162.000305,0.00340679
0.51458335,0.99994236,230.411377,162.000275,0.00330004
0.51666665,0.99994498,230.325256,162.000244,0.00319654
0.51875001,0.99994743,230.242371,162.000244,0.00309619
0.52083331,0.99994981,230.162476,162.000214,0.00299889
0.52291667,0.99995208,230.085938,162.000183,0.00290456
0.52499998,0.99995422,230.012756,162.000183,0.00281311
0.52708334,0.99995631,229.942993,162.000183,0.00272446
0.52916664,0.99995834,229.876587,162.000153,0.00263853
0.53125000,0.99996024,229.813721,162.000122,0.00255522
0.53333336,0.99996203,229.754272,162.000122,0.00247448
0.53541666,0.99996370,229.698364,162.000122,0.00239622
0.53750002,0.99996531,229.645935,162.000122,0.00232037
0.53958333,0.99996686,229.596863,162.000092,0.00224685
0.54166669,0.99996835,229.551208,162.000092,0.00217561
0.54374999,0.99996978,229.509033,162.000061,0.00210656
0.54583335,0.99997115,229.470215,162.000061,0.00203965
0.54791665,0.99997246,229.434692,162.000061,0.00197481
0.55000001,0.99997371,229.402466,162.000061,0.00191198
0.55208331,0.99997491,229.373291,162.000061,0.00185110
0.55416667,0.99997604,229.347351,162.000061,0.00179212
0.55624998,0.99997711,229.324524,162.000061,0.00173496
0.55833334,0.99997813,229.304504,162.000061,0.00167959
0.56041664,0.99997914,229.287476,162.000061,0.00162594
0.56250000,0.99998003,229.273254,162.000061,0.00157397
0.56458336,0.99998099,229.261658,162.000061,0.00152362
0.56666666,0.99998182,229.252686,162.000061,0.00147484
0.56875002,0.99998266,229.246277,162.000061,0.00142759
0.57083333,0.99998343,229.242310,162.000061,0.00138182
0.57291669,0.99998420,229.240601,162.000000,0.00133749
0.57499999,0.99998492,229.240967,162.000000,0.00129454
0.57708335,0.99998558,229.243591,162.000000,0.00125295
0.57916665,0.99998623,229.248169,162.000000,0.00121266
0.58125001,0.99998683,229.254578,162.000000,0.00117365
0.58333331,0.99998742,229.262817,162.000000,0.00113586
0.58541667,0.99998796,229.272705,162.000000,0.00109926
0.58749998,0.99998850,229.284119,162.000000,0.00106382
0.58958334,0.99998903,229.297058,162.000000,0.00102950
0.59166664,0.99998951,229.311279,162.000000,0.00099626
0.59375000,0.99998999,229.326721,162.000000,0.00096408
0.59583336,0.99999046,229.343323,162.000000,0.00093291
0.59791666,0.99999088,229.361023,162.000000,0.00090274
0.60000002,0.99999130,229.379517,162.000000,0.00087352
0.60208333,0.99999166,229.398926,162.000000,0.00084523
0.60416669,0.99999207,229.419067,162.000000,0.00081784
0.60624999,0.99999243,229.439941,162.000000,0.00079132
0.60833335,0.99999273,229.461243,162.000000,0.00076564
0.61041665,0.99999309,229.483154,162.000000,0.00074078
0.61250001,0.99999338,229.505371,162.000000,0.00071672
0.61458331,0.99999368,229.527832,162.000000,0.00069342
0.61666667,0.99999398,229.550598,162.000000,0.00067087
0.61874998,0.99999428,229.573486,162.000000,0.00064903
0.62083334,0.99999452,229.596558,162.000000,0.00062790
0.62291664,0.99999475,229.619446,162.000000,0.00060744
0.62500000,0.99999499,229.642456,162.000000,0.00058764
0.62708336,0.99999523,229.665283,162.000000,0.00056847
0.62916666,0.99999547,229.687866,162.000000,0.00054992
0.63125002,0.99999571,229.710205,162.000000,0.00053196
0.63333333,0.99999589,229.732300,162.000000,0.00051458
0.63541669,0.99999607,229.754028,162.000000,0.00049776
0.63749999,0.99999624,229.775452,162.000000,0.00048148
0.63958335,0.99999636,229.796326,162.000000,0.00046572
0.64166665,0.99999654,229.816772,162.000000,0.00045048
0.64375001,0.99999666,229.836792,162.000000,0.00043572
0.64583331,0.99999684,229.856262,162.000000,0.00042144
0.64791667,0.99999702,229.875122,162.000000,0.00040762
0.64999998,0.99999714,229.893372,162.000000,0.00039424
0.65208334,0.99999732,229.911011,162.000000,0.00038130
0.65416664,0.99999744,229.928040,162.000000,0.00036878
0.65625000,0.99999762,229.944275,162.000000,0.00035666
0.65833336,0.99999768,229.959961,162.000000,0.00034494
0.66041666,0.99999779,229.974976,162.000000,0.00033359
0.66250002,0.99999785,229.989258,162.000000,0.00032262
0.66458333,0.99999791,230.002808,162.000000,0.00031199
0.66666669,0.99999797,230.015808,162.000000,0.00030172
0.66874999,0.99999809,230.027954,162.000000,0.00029178
0.67083335,0.99999815,230.039307,162.000000,0.00028216
0.67291665,0.99999821,230.050171,162.000000,0.00027285
0.67500001,0.99999833,230.060059,162.000000,0.00026385
0.67708331,0.99999839,230.069458,162.000000,0.00025514
0.67916667,0.99999845,230.078125,162.000000,0.00024671
0.68124998,0.99999851,230.086060,162.000000,0.00023856
0.68333334,0.99999863,230.093262,162.000000,0.00023067
0.68541664,0.99999869,230.099792,162.000000,0.00022304
0.68750000,0.99999875,230.105774,162.000000,0.00021566
0.68958336,0.99999887,230.111145,162.000000,0.00020852
0.69166666,0.99999893,230.115784,162.000061,0.00020162
0.69375002,0.99999899,230.119934,162.000092,0.00019494
0.69583333,0.99999905,230.123474,162.000153,0.00018848
0.69791669,0.99999917,230.126404,162.000244,0.00018223
0.69999999,0.99999923,230.128906,162.000336,0.00017618
0.70208335,0.99999928,230.130737,162.000427,0.00017034
0.70416665,0.99999940,230.132141,162.000519,0.00016468
0.70625001,0.99999940,230.133057,162.000641,0.00015921
0.70833331,0.99999940,230.133545,162.000732,0.00015392
0.71041667,0.99999940,230.133545,162.000885,0.00014881
0.71249998,0.99999940,230.133057,162.001007,0.00014386
0.71458334,0.99999940,230.132324,162.001160,0.00013907
0.71666664,0.99999940,230.131104,162.001251,0.00013445
0.71875000,0.99999940,230.129456,162.001404,0.00012997
0.72083336,0.99999940,230.127502,162.001526,0.00012564
0.72291666,0.99999940,230.125305,162.001648,0.00012146
0.72500002,0.99999940,230.122803,162.001770,0.00011741
0.72708333,0.99999940,230.119934,162.001892,0.00011349
0.72916669,0.99999940,230.116943,162.002014,0.00010971
0.73124999,0.99999940,230.113525,162.002136,0.00010605
0.73333335,0.99999940,230.110107,162.002258,0.00010251
0.73541665,0.99999940,230.106384,162.002319,0.00009908
0.73750001,0.99999940,230.102478,162.002441,0.00009578
0.73958331,0.99999940,230.098389,162.002563,0.00009258
0.74166667,0.99999940,230.094238,162.002625,0.00008948
0.74374998,0.99999940,230.089905,162.002747,0.00008649
0.74583334,0.99999940,230.085449,162.002808,0.00008360
0.74791664,0.99999940,230.081055,162.002899,0.00008080
0.75000000,0.99999940,230.076416,162.002991,0.00007809
0.75208336,0.99999940,230.071838,162.003052,0.00007548
0.75416666,0.99999940,230.067200,162.003113,0.00007295
0.75625002,0.99999940,230.062561,162.003174,0.00007051
0.75833333,0.99999940,230.057861,162.003235,0.00006814
0.76041669,0.99999940,230.053223,162.003296,0.00006586
0.76249999,0.99999940,230.048584,162.003357,0.00006365
0.76458335,0.99999940,230.044006,162.003357,0.00006151
0.76666665,0.99999940,230.039490,162.003418,0.00005945
0.76875001,0.99999940,230.034912,162.003479,0.00005745
0.77083331,0.99999940,230.030518,162.003510,0.00005552
0.77291667,0.99999940,230.026184,162.003540,0.00005366
0.77499998,0.99999940,230.021973,162.003571,0.00005186
0.77708334,0.99999940,230.017822,162.003601,0.00005011
0.77916664,0.99999940,230.013672,162.003632,0.00004843
0.78125000,0.99999940,230.009766,162.003662,0.00004680
0.78333336,0.99999940,230.005859,162.003662,0.00004522
0.78541666,0.99999940,230.002197,162.003693,0.00004370
0.78750002,0.99999940,229.998535,162.003723,0.00004223
0.78958333,0.99999940,229.995117,162.003723,0.00004081
0.79166669,0.99999940,229.991760,162.003754,0.00003943
0.79374999,0.99999940,229.988525,162.003754,0.00003810
0.79583335,0.99999940,229.985535,162.003784,0.00003682
0.79791665,0.99999940,229.982605,162.003784,0.00003558
0.80000001,0.99999940,229.979736,162.003784,0.00003438
0.80208331,0.99999940,229.977112,162.003784,0.00003322
0.80416667,0.99999940,229.974609,162.003784,0.00003210
0.80624998,0.99999940,229.972351,162.003784,0.00003101
0.80833334,0.99999940,229.970154,162.003784,0.00002997
0.81041664,0.99999940,229.968018,162.003784,0.00002895
0.81250000,0.99999940,229.966125,162.003784,0.00002798
0.81458336,0.99999940,229.964355,162.003754,0.00002703
0.81666666,0.99999940,229.962830,162.003754,0.00002612
0.81875002,0.99999940,229.961243,162.003723,0.00002523
0.82083333,0.99999940,229.959961,162.003723,0.00002438
0.82291669,0.99999940,229.958740,162.003723,0.00002356
0.82499999,0.99999940,229.957581,162.003693,0.00002276
0.82708335,0.99999940,229.956604,162.003662,0.00002199
0.82916665,0.99999940,229.955811,162.003662,0.00002124
0.83125001,0.99999940,229.955078,162.003632,0.00002052
0.83333331,0.99999940,229.954407,162.003601,0.00001983
0.83541667,0.99999940,229.953918,162.003601,0.00001916
0.83749998,0.99999940,229.953613,162.003571,0.00001851
0.83958334,0.99999940,229.953308,162.003540,0.00001788
0.84166664,0.99999940,229.953125,162.003540,0.00001727
0.84375000,0.99999940,229.953064,162.003510,0.00001669
0.84583336,0.99999940,229.953064,162.003479,0.00001612
0.84791666,0.99999940,229.953125,162.003479,0.00001557
0.85000002,0.99999940,229.953369,162.003418,0.00001505
0.85208333,0.99999940,229.953613,162.003418,0.00001453
0.85416669,0.99999940,229.953857,162.003357,0.00001404
0.85624999,0.99999940,229.954285,162.003357,0.00001356
0.85833335,0.99999940,229.954773,162.003326,0.00001310
0.86041665,0.99999940,229.955261,162.003296,0.00001266
0.86250001,0.99999940,229.955811,162.003265,0.00001223
0.86458331,0.99999940,229.956482,162.003235,0.00001181
0.86666667,0.99999940,229.957092,162.003174,0.00001141
0.86874998,0.99999940,229.957825,162.003174,0.00001102
0.87083334,0.99999940,229.958557,162.003113,0.00001065
0.87291664,0.99999940,229.959473,162.003113,0.00001028
0.87500000,0.99999940,229.960205,162.003052,0.00000993
0.87708336,0.99999940,229.960999,162.003052,0.00000960
0.87916666,0.99999940,229.961914,162.002991,0.00000927
0.88125002,0.99999940,229.962891,162.002991,0.00000895
0.88333333,0.99999940,229.963684,162.002930,0.00000865
0.88541669,0.99999940,229.964600,162.002899,0.00000835
0.88749999,0.99999940,229.965576,162.002869,0.00000807
0.88958335,0.99999940,229.966553,162.002838,0.00000779
0.89166665,0.99999940,229.967468,162.002808,0.00000753
0.89375001,0.99999940,229.968323,162.002747,0.00000727
0.89583331,0.99999940,229.969299,162.002716,0.00000702
0.89791667,0.99999940,229.970215,162.002686,0.00000678
0.89999998,0.99999940,229.971191,162.002686,0.00000655
0.90208334,0.99999940,229.972107,162.002625,0.00000633
0.90416664,0.99999940,229.972961,162.002594,0.00000611
0.90625000,0.99999940,229.973877,162.002563,0.00000590
0.90833336,0.99999940,229.974670,162.002533,0.00000570
0.91041666,0.99999940,229.975586,162.002502,0.00000551
0.91250002,0.99999940,229.976318,162.002441,0.00000532
0.91458333,0.99999940,229.977234,162.002441,0.00000514
0.91666669,0.99999940,229.978027,162.002380,0.00000496
0.91874999,0.99999940,229.978760,162.002350,0.00000479
0.92083335,0.99999940,229.979492,162.002319,0.00000463
0.92291665,0.99999940,229.980225,162.002319,0.00000447
0.92500001,0.99999940,229.980896,162.002258,0.00000432
0.92708331,0.99999940,229.981506,162.002228,0.00000417
0.92916667,0.99999940,229.982178,162.002197,0.00000403
0.93124998,0.99999940,229.982727,162.002167,0.00000389
0.93333334,0.99999940,229.983337,162.002136,0.00000375
0.93541664,0.99999940,229.983887,162.002106,0.00000363
0.93750000,0.99999940,229.984375,162.002075,0.00000350
0.93958336,0.99999940,229.984863,162.002014,0.00000338
0.94166666,0.99999940,229.985352,162.002014,0.00000327
0.94375002,0.99999940,229.985657,162.001953,0.00000315
0.94583333,0.99999940,229.986084,162.001953,0.00000305
0.94791669,0.99999940,229.986389,162.001892,0.00000294
0.94999999,0.99999940,229.986816,162.001892,0.00000284
0.95208335,0.99999940,229.987061,162.001862,0.00000274
0.95416665,0.99999940,229.987305,162.001831,0.00000265
0.95625001,0.99999940,229.987549,162.001801,0.00000256
0.95833331,0.99999940,229.987793,162.001770,0.00000247
0.96041667,0.99999940,229.988037,162.001740,0.00000239
0.96249998,0.99999940,229.988220,162.001709,0.00000230
0.96458334,0.99999940,229.988281,162.001678,0.00000222
0.96666664,0.99999940,229.988464,162.001648,0.00000215
0.96875000,0.99999940,229.988525,162.001617,0.00000207
0.97083336,0.99999940,229.988586,162.001587,0.00000200
0.97291666,0.99999940,229.988708,162.001587,0.00000193
0.97500002,0.99999940,229.988708,162.001526,0.00000187
0.97708333,0.99999940,229.988708,162.001526,0.00000180
0.97916669,0.99999940,229.988708,162.001465,0.00000174
0.98124999,0.99999940,229.988586,162.001465,0.00000168
0.98333335,0.99999940,229.988525,162.001434,0.00000162
0.98541665,0.99999940,229.988525,162.001404,0.00000157
0.98750001,0.99999940,229.988464,162.001404,0.00000151
0.98958331,0.99999940,229.988281,162.001373,0.00000146
0.99166667,0.99999940,229.988220,162.001343,0.00000141
0.99374998,0.99999940,229.988037,162.001312,0.00000136
0.99583334,0.99999940,229.987976,162.001282,0.00000132
0.99791664,0.99999940,229.987793,162.001282,0.00000127
1.00000000,0.99999940,229.987610,162.001251,0.00000123
