2292743388,0,0,1019,2027.0
2292743397,8,2,1019.0,2027.0
2292743404,16,2,1019.0,2027.0
2292743412,24,2,1019.0,2027.0
2292743420,32,2,1019.0,2027.0
2292743428,40,2,1019.0,2027.0
2292743436,48,2,1019.0,2027.0
2292743444,56,2,1019.0,2027.0
2292743452,64,2,1019.0,2027.0
2292743461,72,2,1019.0,2027.0
2292743468,80,2,1019.0,2027.0
2292743476,88,2,1019.0,2027.0
2292743484,96,2,1019.0,2027.0
2292743492,104,2,1019.0,2027.0
2292743500,112,2,1019.0,2027.0
2292743508,120,2,1019.0,2027.0
2292743516,128,2,1019.0,2027.0
2292743524,136,2,1019.0,2027.0
2292743532,144,2,1019.0,2027.0
2292743540,152,2,1019.0,2027.0
2292743549,160,2,1019.0,2027.0
2292743556,168,2,1019.0,2027.0
2292743564,176,2,1019.0,2027.0
2292743572,184,2,1019.0,2027.0
2292743580,192,2,1019.0,2027.0
2292743589,200,2,1019.0,2027.0
2292743596,208,2,1019.0,2027.0
2292743604,216,2,1019.0,2027.0
2292743613,224,2,1019.0,2027.0
2292743621,232,2,1019.0,2027.0
2292743629,240,2,1019.0,2027.0
2292743636,248,2,1019.0,2027.0
2292743645,256,2,1019.0,2027.0
2292743652,264,2,1019.0,2027.0
2292743660,272,2,1019.0,2027.0
2292743669,280,2,1019.0,2027.0
2292743676,288,2,1019.0,2027.0
2292743684,296,2,1019.0,2027.0
2292743692,304,2,1019.0,2027.0
2292743701,312,2,1019.0,2027.0
2292743708,320,2,1019.0,2027.0
2292743716,328,2,1019.0,2027.0
2292743724,336,2,1019.0,2027.0
2292743733,344,2,1019.0,2027.0
2292743740,352,2,1019.0,2027.0
2292743749,360,2,1019.0,2027.0
2292743757,368,2,1019.0,2027.0
2292743764,376,2,1019.0,2027.0
2292743772,384,2,1019.0,2027.0
2292743780,392,2,1019.0,2027.0
2292743789,400,2,1019,2027.0
2292743796,408,2,1007.3657142857143,2003.8457142857144
2292743805,416,2,995.7314285714285,1980.6914285714286
2292743813,424,2,984.0971428571429,1957.537142857143
2292743820,432,2,972.4628571428572,1934.3828571428571
2292743828,440,2,960.8285714285714,1911.2285714285715
2292743836,448,2,949.1942857142857,1888.0742857142857
2292743844,456,2,937.56,1864.92
2292743853,464,2,925.9257142857143,1841.7657142857142
2292743860,472,2,914.2914285714286,1818.6114285714286
2292743868,480,2,902.6571428571428,1795.4571428571428
2292743876,488,2,891.0228571428571,1772.3028571428572
2292743884,496,2,879.3885714285714,1749.1485714285714
2292743892,504,2,867.7542857142857,1725.9942857142858
2292743900,512,2,856.12,1702.84
2292743908,520,2,844.4857142857143,1679.6857142857143
2292743917,528,2,832.8514285714286,1656.5314285714285
2292743924,536,2,821.2171428571428,1633.3771428571429
2292743932,544,2,809.5828571428572,1610.2228571428573
2292743940,552,2,797.9485714285714,1587.0685714285714
2292743949,560,2,786.3142857142857,1563.9142857142856
2292743957,568,2,774.6800000000001,1540.76
2292743964,576,2,763.0457142857142,1517.6057142857144
2292743972,584,2,751.4114285714286,1494.4514285714286
2292743980,592,2,739.7771428571428,1471.2971428571427
2292743988,600,2,728.1428571428571,1448.1428571428573
2292743996,608,2,716.5085714285715,1424.9885714285715
2292744004,616,2,704.8742857142857,1401.8342857142857
2292744012,624,2,693.24,1378.6799999999998
2292744020,632,2,681.6057142857144,1355.5257142857145
2292744028,640,2,669.9714285714285,1332.3714285714286
2292744036,648,2,658.3371428571429,1309.2171428571428
2292744045,656,2,646.7028571428572,1286.0628571428572
2292744052,664,2,635.0685714285714,1262.9085714285713
2292744060,672,2,623.4342857142857,1239.7542857142857
2292744068,680,2,611.8,1216.6
2292744077,688,2,600.1657142857143,1193.4457142857143
2292744084,696,2,588.5314285714285,1170.2914285714287
2292744093,704,2,576.8971428571429,1147.1371428571429
2292744101,712,2,565.2628571428571,1123.982857142857
2292744109,720,2,553.6285714285714,1100.8285714285714
2292744116,728,2,541.9942857142858,1077.6742857142858
2292744124,736,2,530.36,1054.52
2292744132,744,2,518.7257142857143,1031.3657142857141
2292744141,752,2,507.09142857142854,1008.2114285714285
2292744148,760,2,495.4571428571429,985.0571428571429
2292744156,768,2,483.8228571428572,961.9028571428571
2292744164,776,2,472.18857142857144,938.7485714285715
2292744172,784,2,460.5542857142857,915.5942857142857
2292744180,792,2,448.91999999999996,892.4399999999998
2292744189,800,2,437.28571428571433,869.2857142857144
2292744196,808,2,425.6514285714286,846.1314285714286
2292744205,816,2,414.01714285714286,822.9771428571428
2292744212,824,2,402.3828571428571,799.822857142857
2292744220,832,2,390.7485714285715,776.6685714285716
2292744228,840,2,379.11428571428576,753.5142857142857
2292744236,848,2,367.48,730.3599999999999
2292744245,856,2,355.8457142857143,707.2057142857143
2292744252,864,2,344.21142857142866,684.0514285714287
2292744260,872,2,332.5771428571429,660.8971428571429
2292744269,880,2,320.9428571428572,637.742857142857
2292744276,888,2,309.30857142857144,614.5885714285714
2292744285,896,2,297.6742857142858,591.4342857142858
2292744292,904,2,286.0400000000001,568.28
2292744301,912,2,274.40571428571434,545.1257142857144
2292744308,920,2,262.7714285714286,521.9714285714285
2292744316,928,2,251.13714285714275,498.8171428571427
2292744324,936,2,239.50285714285712,475.6628571428573
2292744332,944,2,227.86857142857139,452.5085714285715
2292744340,952,2,216.23428571428565,429.35428571428565
2292744348,960,2,204.5999999999999,406.1999999999998
2292744356,968,2,192.96571428571428,383.04571428571444
2292744364,976,2,181.33142857142855,359.8914285714286
2292744373,984,2,169.6971428571428,336.73714285714277
2292744380,992,2,158.06285714285707,313.58285714285716
2292744388,1000,2,146.42857142857144,290.42857142857156
2292744397,1008,2,134.7942857142857,267.2742857142857
2292744404,1016,2,123.15999999999997,244.1199999999999
2292744412,1024,2,111.52571428571423,220.96571428571428
2292744420,1032,2,99.8914285714286,197.81142857142868
2292744428,1040,2,88.25714285714287,174.65714285714284
2292744436,1048,2,76.62285714285713,151.50285714285724
2292744444,1056,2,64.98857142857139,128.3485714285714
2292744453,1064,2,53.35428571428565,105.19428571428557
2292744460,1072,2,41.72000000000003,82.03999999999996
2292744468,1080,2,30.08571428571429,58.88571428571436
2292744477,1088,2,18.45142857142855,35.73142857142852
2292744484,1096,2,6.817142857142812,12.57714285714269
2292744489,1100,2,1,1
2292744496,1108,2,1.0,1.0
2292744504,1116,2,1.0,1.0
2292744512,1124,2,1.0,1.0
2292744520,1132,2,1.0,1.0
2292744529,1140,2,1.0,1.0
2292744536,1148,2,1.0,1.0
2292744544,1156,2,1.0,1.0
2292744553,1164,2,1.0,1.0
2292744560,1172,2,1.0,1.0
2292744568,1180,2,1.0,1.0
2292744577,1188,2,1.0,1.0
2292744584,1196,2,1.0,1.0
2292744592,1204,2,1.0,1.0
2292744601,1212,2,1.0,1.0
2292744608,1220,2,1.0,1.0
2292744617,1228,2,1.0,1.0
2292744625,1236,2,1.0,1.0
2292744633,1244,2,1.0,1.0
2292744640,1252,2,1.0,1.0
2292744648,1260,2,1.0,1.0
2292744656,1268,2,1.0,1.0
2292744664,1276,2,1.0,1.0
2292744673,1284,2,1.0,1.0
2292744680,1292,2,1.0,1.0
2292744688,1300,2,1.0,1.0
2292744696,1308,2,1.0,1.0
2292744704,1316,2,1.0,1.0
2292744712,1324,2,1.0,1.0
2292744720,1332,2,1.0,1.0
2292744728,1340,2,1.0,1.0
2292744736,1348,2,1.0,1.0
2292744744,1356,2,1.0,1.0
2292744753,1364,2,1.0,1.0
2292744761,1372,2,1.0,1.0
2292744768,1380,2,1.0,1.0
2292744777,1388,2,1.0,1.0
2292744784,1396,2,1.0,1.0
2292744792,1404,2,1.0,1.0
2292744800,1412,2,1.0,1.0
2292744808,1420,2,1.0,1.0
2292744817,1428,2,1.0,1.0
2292744824,1436,2,1.0,1.0
2292744833,1444,2,1.0,1.0
2292744841,1452,2,1.0,1.0
2292744849,1460,2,1.0,1.0
2292744856,1468,2,1.0,1.0
2292744865,1476,2,1.0,1.0
2292744873,1484,2,1.0,1.0
2292744880,1492,2,1.0,1.0
2292744889,1500,2,1.0,1.0
2292744896,1508,2,1.0,1.0
2292744904,1516,2,1.0,1.0
2292744912,1524,2,1.0,1.0
2292744921,1532,2,1.0,1.0
2292744929,1540,2,1.0,1.0
2292744936,1548,2,1.0,1.0
2292744944,1556,2,1.0,1.0
2292744952,1564,2,1.0,1.0
2292744960,1572,2,1.0,1.0
2292744968,1580,2,1.0,1.0
2292744976,1588,2,1.0,1.0
2292744984,1596,2,1.0,1.0
2292744992,1604,2,1.0,1.0
2292745001,1612,2,1.0,1.0
2292745010,1620,2,1.0,1.0
2292745016,1628,2,1.0,1.0
2292745024,1636,2,1.0,1.0
2292745032,1644,2,1.0,1.0
2292745040,1652,2,1.0,1.0
2292745049,1660,2,1.0,1.0
2292745057,1668,2,1.0,1.0
2292745064,1676,2,1.0,1.0
2292745072,1684,2,1.0,1.0
2292745080,1692,2,1.0,1.0
2292745089,1700,2,1.0,1.0
2292745096,1708,2,1.0,1.0
2292745104,1716,2,1.0,1.0
2292745112,1724,2,1.0,1.0
2292745120,1732,2,1.0,1.0
2292745129,1740,2,1.0,1.0
2292745136,1748,2,1.0,1.0
2292745144,1756,2,1.0,1.0
2292745152,1764,2,1.0,1.0
2292745160,1772,2,1.0,1.0
2292745168,1780,2,1.0,1.0
2292745176,1788,2,1.0,1.0
2292745184,1796,2,1.0,1.0
2292745188,1800,2,1,1
2292745196,1808,2,13.32,28.405714285714286
2292745205,1816,2,25.64,55.81142857142857
2292745213,1824,2,37.96,83.21714285714286
2292745220,1832,2,50.28,110.62285714285714
2292745229,1840,2,62.6,138.0285714285714
2292745236,1848,2,74.92,165.43428571428572
2292745244,1856,2,87.24,192.84
2292745253,1864,2,99.56,220.24571428571429
2292745261,1872,2,111.88,247.65142857142857
2292745268,1880,2,124.2,275.0571428571428
2292745276,1888,2,136.52,302.46285714285716
2292745284,1896,2,148.84,329.86857142857144
2292745292,1904,2,161.16,357.2742857142857
2292745300,1912,2,173.48,384.68
2292745309,1920,2,185.8,412.0857142857143
2292745317,1928,2,198.12,439.49142857142857
2292745324,1936,2,210.44,466.89714285714285
2292745332,1944,2,222.76,494.30285714285714
2292745340,1952,2,235.07999999999998,521.7085714285714
2292745348,1960,2,247.4,549.1142857142856
2292745356,1968,2,259.71999999999997,576.52
2292745365,1976,2,272.04,603.9257142857143
2292745373,1984,2,284.36,631.3314285714285
2292745381,1992,2,296.68,658.7371428571429
2292745388,2000,2,309.0,686.1428571428571
2292745396,2008,2,321.32,713.5485714285714
2292745404,2016,2,333.64,740.9542857142857
2292745412,2024,2,345.96,768.36
2292745420,2032,2,358.28,795.7657142857142
2292745428,2040,2,370.6,823.1714285714286
2292745437,2048,2,382.91999999999996,850.5771428571428
2292745444,2056,2,395.24,877.9828571428571
2292745453,2064,2,407.56,905.3885714285715
2292745460,2072,2,419.88,932.7942857142857
2292745468,2080,2,432.20000000000005,960.2
2292745476,2088,2,444.52,987.6057142857143
2292745484,2096,2,456.84000000000003,1015.0114285714286
2292745492,2104,2,469.15999999999997,1042.4171428571428
2292745500,2112,2,481.48,1069.8228571428572
2292745508,2120,2,493.8,1097.2285714285713
2292745516,2128,2,506.12,1124.6342857142859
2292745525,2136,2,518.4399999999999,1152.04
2292745532,2144,2,530.76,1179.4457142857143
2292745540,2152,2,543.08,1206.8514285714286
2292745549,2160,2,555.4,1234.2571428571428
2292745556,2168,2,567.72,1261.662857142857
2292745564,2176,2,580.04,1289.0685714285714
2292745572,2184,2,592.36,1316.4742857142858
2292745580,2192,2,604.6800000000001,1343.88
2292745588,2200,2,617.0,1371.2857142857142
2292745596,2208,2,629.32,1398.6914285714286
2292745605,2216,2,641.64,1426.097142857143
2292745612,2224,2,653.96,1453.5028571428572
2292745620,2232,2,666.28,1480.9085714285713
2292745629,2240,2,678.6,1508.3142857142857
2292745636,2248,2,690.92,1535.72
2292745644,2256,2,703.24,1563.1257142857144
2292745652,2264,2,715.56,1590.5314285714285
2292745660,2272,2,727.88,1617.9371428571428
2292745669,2280,2,740.2,1645.3428571428572
2292745676,2288,2,752.52,1672.7485714285715
2292745684,2296,2,764.8399999999999,1700.1542857142856
2292745692,2304,2,777.16,1727.56
2292745700,2312,2,789.48,1754.9657142857143
2292745708,2320,2,801.8000000000001,1782.3714285714286
2292745716,2328,2,814.12,1809.777142857143
2292745724,2336,2,826.4399999999999,1837.182857142857
2292745733,2344,2,838.76,1864.5885714285714
2292745740,2352,2,851.08,1891.9942857142858
2292745748,2360,2,863.4000000000001,1919.4
2292745756,2368,2,875.7199999999999,1946.8057142857142
2292745765,2376,2,888.04,1974.2114285714285
2292745773,2384,2,900.36,2001.6171428571429
2292745780,2392,2,912.6800000000001,2029.0228571428572
2292745788,2400,2,925.0,2056.428571428571
2292745796,2408,2,937.3199999999999,2083.8342857142857
2292745804,2416,2,949.64,2111.2400000000002
2292745813,2424,2,961.96,2138.6457142857143
2292745820,2432,2,974.28,2166.0514285714285
2292745828,2440,2,986.6,2193.4571428571426
2292745836,2448,2,998.92,2220.862857142857
2292745844,2456,2,1011.24,2248.2685714285717
2292745852,2464,2,1023.5600000000001,2275.674285714286
2292745860,2472,2,1035.8799999999999,2303.08
2292745868,2480,2,1048.2,2330.485714285714
2292745876,2488,2,1060.52,2357.8914285714286
2292745884,2496,2,1072.8400000000001,2385.297142857143
2292745888,2500,2,1079,2399
2292745896,2508,2,1079.0,2399.0
2292745904,2516,2,1079.0,2399.0
2292745912,2524,2,1079.0,2399.0
2292745920,2532,2,1079.0,2399.0
2292745928,2540,2,1079.0,2399.0
2292745936,2548,2,1079.0,2399.0
2292745944,2556,2,1079.0,2399.0
2292745953,2564,2,1079.0,2399.0
2292745961,2572,2,1079.0,2399.0
2292745969,2580,2,1079.0,2399.0
2292745976,2588,2,1079.0,2399.0
2292745984,2596,2,1079.0,2399.0
2292745992,2604,2,1079.0,2399.0
2292746000,2612,2,1079.0,2399.0
2292746008,2620,2,1079.0,2399.0
2292746017,2628,2,1079.0,2399.0
2292746025,2636,2,1079.0,2399.0
2292746032,2644,2,1079.0,2399.0
2292746040,2652,2,1079.0,2399.0
2292746048,2660,2,1079.0,2399.0
2292746056,2668,2,1079.0,2399.0
2292746065,2676,2,1079.0,2399.0
2292746072,2684,2,1079.0,2399.0
2292746080,2692,2,1079.0,2399.0
2292746089,2700,2,1079.0,2399.0
2292746096,2708,2,1079.0,2399.0
2292746104,2716,2,1079.0,2399.0
2292746113,2724,2,1079.0,2399.0
2292746120,2732,2,1079.0,2399.0
2292746128,2740,2,1079.0,2399.0
2292746136,2748,2,1079.0,2399.0
2292746145,2756,2,1079.0,2399.0
2292746152,2764,2,1079.0,2399.0
2292746160,2772,2,1079.0,2399.0
2292746168,2780,2,1079.0,2399.0
2292746176,2788,2,1079.0,2399.0
2292746185,2796,2,1079.0,2399.0
2292746193,2804,2,1079.0,2399.0
2292746200,2812,2,1079.0,2399.0
2292746209,2820,2,1079.0,2399.0
2292746217,2828,2,1079.0,2399.0
2292746224,2836,2,1079.0,2399.0
2292746244,2844,2,1079.0,2399.0
2292746249,2852,2,1079.0,2399.0
2292746252,2860,2,1079.0,2399.0
2292746262,2868,2,1079.0,2399.0
2292746271,2876,2,1079.0,2399.0
2292746274,2884,2,1079.0,2399.0
2292746282,2892,2,1079.0,2399.0
2292746288,2900,2,1079.0,2399.0
2292746297,2908,2,1079.0,2399.0
2292746305,2916,2,1079.0,2399.0
2292746312,2924,2,1079.0,2399.0
2292746321,2932,2,1079.0,2399.0
2292746329,2940,2,1079.0,2399.0
2292746336,2948,2,1079.0,2399.0
2292746345,2956,2,1079.0,2399.0
2292746352,2964,2,1079.0,2399.0
2292746360,2972,2,1079.0,2399.0
2292746368,2980,2,1079.0,2399.0
2292746376,2988,2,1079.0,2399.0
2292746384,2996,2,1079.0,2399.0
2292746392,3004,2,1079.0,2399.0
2292746401,3012,2,1079.0,2399.0
2292746409,3020,2,1079.0,2399.0
2292746417,3028,2,1079.0,2399.0
2292746424,3036,2,1079.0,2399.0
2292746432,3044,2,1079.0,2399.0
2292746441,3052,2,1079.0,2399.0
2292746449,3060,2,1079.0,2399.0
2292746457,3068,2,1079.0,2399.0
2292746464,3076,2,1079.0,2399.0
2292746473,3084,2,1079.0,2399.0
2292746481,3092,2,1079.0,2399.0
2292746489,3100,2,1079.0,2399.0
2292746496,3108,2,1079.0,2399.0
2292746504,3116,2,1079.0,2399.0
2292746512,3124,2,1079.0,2399.0
2292746520,3132,2,1079.0,2399.0
2292746529,3140,2,1079.0,2399.0
2292746539,3148,2,1079.0,2399.0
2292746544,3156,2,1079.0,2399.0
2292746553,3164,2,1079.0,2399.0
2292746560,3172,2,1079.0,2399.0
2292746568,3180,2,1079.0,2399.0
2292746576,3188,2,1079.0,2399.0
2292746584,3196,2,1079.0,2399.0
2292746588,3200,2,1079,2399
2292746598,3208,2,1078.2,2394.04
2292746606,3216,2,1077.4,2389.08
2292746612,3224,2,1076.6,2384.12
2292746621,3232,2,1075.8,2379.16
2292746630,3240,2,1075.0,2374.2
2292746636,3248,2,1074.2,2369.24
2292746644,3256,2,1073.4,2364.28
2292746652,3264,2,1072.6,2359.32
2292746661,3272,2,1071.8,2354.36
2292746668,3280,2,1071.0,2349.4
2292746676,3288,2,1070.2,2344.44
2292746684,3296,2,1069.4,2339.48
2292746692,3304,2,1068.6,2334.52
2292746701,3312,2,1067.8,2329.56
2292746710,3320,2,1067.0,2324.6
2292746716,3328,2,1066.2,2319.64
2292746724,3336,2,1065.4,2314.68
2292746733,3344,2,1064.6,2309.72
2292746740,3352,2,1063.8,2304.76
2292746748,3360,2,1063.0,2299.8
2292746757,3368,2,1062.2,2294.84
2292746765,3376,2,1061.4,2289.88
2292746773,3384,2,1060.6,2284.92
2292746780,3392,2,1059.8,2279.96
2292746788,3400,2,1059.0,2275.0
2292746796,3408,2,1058.2,2270.04
2292746804,3416,2,1057.4,2265.08
2292746812,3424,2,1056.6,2260.12
2292746820,3432,2,1055.8,2255.16
2292746828,3440,2,1055.0,2250.2
2292746836,3448,2,1054.2,2245.24
2292746845,3456,2,1053.4,2240.28
2292746852,3464,2,1052.6,2235.32
2292746860,3472,2,1051.8,2230.36
2292746868,3480,2,1051.0,2225.4
2292746876,3488,2,1050.2,2220.44
2292746884,3496,2,1049.4,2215.48
2292746892,3504,2,1048.6,2210.52
2292746900,3512,2,1047.8,2205.56
2292746908,3520,2,1047.0,2200.6
2292746916,3528,2,1046.2,2195.64
2292746925,3536,2,1045.4,2190.68
2292746933,3544,2,1044.6,2185.72
2292746940,3552,2,1043.8,2180.76
2292746948,3560,2,1043.0,2175.8
2292746956,3568,2,1042.2,2170.84
2292746964,3576,2,1041.4,2165.88
2292746972,3584,2,1040.6,2160.92
2292746980,3592,2,1039.8,2155.96
2292746990,3600,2,1039.0,2151.0
2292746996,3608,2,1038.2,2146.04
2292747004,3616,2,1037.4,2141.08
2292747012,3624,2,1036.6,2136.12
2292747020,3632,2,1035.8,2131.16
2292747028,3640,2,1035.0,2126.2
2292747037,3648,2,1034.2,2121.24
2292747044,3656,2,1033.4,2116.2799999999997
2292747052,3664,2,1032.6,2111.32
2292747061,3672,2,1031.8,2106.36
2292747068,3680,2,1031.0,2101.4
2292747076,3688,2,1030.2,2096.44
2292747084,3696,2,1029.4,2091.48
2292747093,3704,2,1028.6,2086.52
2292747101,3712,2,1027.8,2081.56
2292747108,3720,2,1027.0,2076.6
2292747116,3728,2,1026.2,2071.64
2292747124,3736,2,1025.4,2066.68
2292747132,3744,2,1024.6,2061.7200000000003
2292747140,3752,2,1023.8,2056.76
2292747148,3760,2,1023.0,2051.8
2292747156,3768,2,1022.2,2046.8400000000001
2292747165,3776,2,1021.4,2041.88
2292747172,3784,2,1020.6,2036.92
2292747180,3792,2,1019.8,2031.96
2292747189,3800,2,1019,2027.0
2292747196,3808,3,1019,2027.0
