2293068993,0,0,539.5,2187.5
2293069001,8,2,539.5,2187.5
2293069009,16,2,539.5,2187.5
2293069017,24,2,539.5,2187.5
2293069026,32,2,539.5,2187.5
2293069033,40,2,539.5,2187.5
2293069041,48,2,539.5,2187.5
2293069049,56,2,539.5,2187.5
2293069057,64,2,539.5,2187.5
2293069065,72,2,539.5,2187.5
2293069073,80,2,539.5,2187.5
2293069081,88,2,539.5,2187.5
2293069089,96,2,539.5,2187.5
2293069097,104,2,539.5,2187.5
2293069105,112,2,539.5,2187.5
2293069113,120,2,539.5,2187.5
2293069121,128,2,539.5,2187.5
2293069129,136,2,539.5,2187.5
2293069137,144,2,539.5,2187.5
2293069145,152,2,539.5,2187.5
2293069153,160,2,539.5,2187.5
2293069162,168,2,539.5,2187.5
2293069169,176,2,539.5,2187.5
2293069178,184,2,539.5,2187.5
2293069186,192,2,539.5,2187.5
2293069193,200,2,539.5,2187.5
2293069201,208,2,539.5,2187.5
2293069209,216,2,539.5,2187.5
2293069217,224,2,539.5,2187.5
2293069225,232,2,539.5,2187.5
2293069233,240,2,539.5,2187.5
2293069241,248,2,539.5,2187.5
2293069250,256,2,539.5,2187.5
2293069257,264,2,539.5,2187.5
2293069265,272,2,539.5,2187.5
2293069273,280,2,539.5,2187.5
2293069281,288,2,539.5,2187.5
2293069290,296,2,539.5,2187.5
2293069297,304,2,539.5,2187.5
2293069305,312,2,539.5,2187.5
2293069313,320,2,539.5,2187.5
2293069321,328,2,539.5,2187.5
2293069329,336,2,539.5,2187.5
2293069337,344,2,539.5,2187.5
2293069346,352,2,539.5,2187.5
2293069353,360,2,539.5,2187.5
2293069362,368,2,539.5,2187.5
2293069369,376,2,539.5,2187.5
2293069378,384,2,539.5,2187.5
2293069385,392,2,539.5,2187.5
2293069393,400,2,539.5,2187.5
2293069402,408,2,529.9266666666666,2187.5
2293069410,416,2,520.3533333333334,2187.5
2293069417,424,2,510.78,2187.5
2293069425,432,2,501.20666666666665,2187.5
2293069434,440,2,491.6333333333333,2187.5
2293069441,448,2,482.06,2187.5
2293069450,456,2,472.4866666666667,2187.5
2293069457,464,2,462.9133333333333,2187.5
2293069466,472,2,453.34000000000003,2187.5
2293069474,480,2,443.76666666666665,2187.5
2293069481,488,2,434.1933333333333,2187.5
2293069490,496,2,424.62,2187.5
2293069497,504,2,415.0466666666667,2187.5
2293069506,512,2,405.47333333333336,2187.5
2293069513,520,2,395.9,2187.5
2293069522,528,2,386.32666666666665,2187.5
2293069529,536,2,376.75333333333333,2187.5
2293069538,544,2,367.18,2187.5
2293069545,552,2,357.6066666666667,2187.5
2293069553,560,2,348.0333333333333,2187.5
2293069561,568,2,338.46,2187.5
2293069569,576,2,328.88666666666666,2187.5
2293069577,584,2,319.31333333333333,2187.5
2293069585,592,2,309.74,2187.5
2293069593,600,2,300.1666666666667,2187.5
2293069601,608,2,290.59333333333336,2187.5
2293069611,616,2,281.02,2187.5
2293069617,624,2,271.44666666666666,2187.5
2293069625,632,2,261.87333333333333,2187.5
2293069634,640,2,252.3,2187.5
2293069641,648,2,242.7266666666667,2187.5
2293069649,656,2,233.1533333333333,2187.5
2293069657,664,2,223.57999999999998,2187.5
2293069666,672,2,214.00666666666666,2187.5
2293069673,680,2,204.43333333333334,2187.5
2293069682,688,2,194.86,2187.5
2293069689,696,2,185.28666666666663,2187.5
2293069697,704,2,175.7133333333333,2187.5
2293069705,712,2,166.14,2187.5
2293069713,720,2,156.56666666666666,2187.5
2293069721,728,2,146.99333333333334,2187.5
2293069730,736,2,137.41999999999996,2187.5
2293069737,744,2,127.84666666666664,2187.5
2293069746,752,2,118.27333333333331,2187.5
2293069753,760,2,108.69999999999999,2187.5
2293069761,768,2,99.12666666666667,2187.5
2293069770,776,2,89.55333333333328,2187.5
2293069777,784,2,79.97999999999996,2187.5
2293069785,792,2,70.4066666666667,2187.5
2293069793,800,2,60.83333333333337,2187.5
2293069802,808,2,51.26000000000005,2187.5
2293069809,816,2,41.68666666666667,2187.5
2293069817,824,2,32.113333333333344,2187.5
2293069826,832,2,22.539999999999964,2187.5
2293069833,840,2,12.966666666666697,2187.5
2293069841,848,2,3.3933333333333167,2187.5
2293069843,850,2,1,2187.5
2293069851,858,2,1.0,2187.5
2293069859,866,2,1.0,2187.5
2293069868,874,2,1.0,2187.5
2293069875,882,2,1.0,2187.5
2293069883,890,2,1.0,2187.5
2293069891,898,2,1.0,2187.5
2293069899,906,2,1.0,2187.5
2293069907,914,2,1.0,2187.5
2293069916,922,2,1.0,2187.5
2293069923,930,2,1.0,2187.5
2293069931,938,2,1.0,2187.5
2293069939,946,2,1.0,2187.5
2293069947,954,2,1.0,2187.5
2293069955,962,2,1.0,2187.5
2293069963,970,2,1.0,2187.5
2293069971,978,2,1.0,2187.5
2293069979,986,2,1.0,2187.5
2293069987,994,2,1.0,2187.5
2293069995,1002,2,1.0,2187.5
2293070004,1010,2,1.0,2187.5
2293070011,1018,2,1.0,2187.5
2293070019,1026,2,1.0,2187.5
2293070028,1034,2,1.0,2187.5
2293070035,1042,2,1.0,2187.5
2293070043,1050,2,1.0,2187.5
2293070051,1058,2,1.0,2187.5
2293070059,1066,2,1.0,2187.5
2293070068,1074,2,1.0,2187.5
2293070075,1082,2,1.0,2187.5
2293070084,1090,2,1.0,2187.5
2293070091,1098,2,1.0,2187.5
2293070099,1106,2,1.0,2187.5
2293070107,1114,2,1.0,2187.5
2293070116,1122,2,1.0,2187.5
2293070123,1130,2,1.0,2187.5
2293070131,1138,2,1.0,2187.5
2293070140,1146,2,1.0,2187.5
2293070148,1154,2,1.0,2187.5
2293070156,1162,2,1.0,2187.5
2293070163,1170,2,1.0,2187.5
2293070171,1178,2,1.0,2187.5
2293070179,1186,2,1.0,2187.5
2293070187,1194,2,1.0,2187.5
2293070193,1200,2,1,2187.5
2293070201,1208,1,1,2187.5
2293070281,1288,0,150.0,2187.5
2293070290,1296,2,150.0,2187.5
2293070297,1304,2,150.0,2187.5
2293070305,1312,2,150.0,2187.5
2293070313,1320,2,150.0,2187.5
2293070321,1328,2,150.0,2187.5
2293070329,1336,2,150.0,2187.5
2293070337,1344,2,150.0,2187.5
2293070345,1352,2,150.0,2187.5
2293070353,1360,2,150.0,2187.5
2293070361,1368,2,150.0,2187.5
2293070369,1376,2,150.0,2187.5
2293070377,1384,2,150.0,2187.5
2293070385,1392,2,150.0,2187.5
2293070393,1400,2,150.0,2187.5
2293070401,1408,2,150.0,2187.5
2293070410,1416,2,150.0,2187.5
2293070417,1424,2,150.0,2187.5
2293070425,1432,2,150.0,2187.5
2293070435,1440,2,155.30857142857144,2187.5
2293070441,1448,2,176.54285714285714,2187.5
2293070449,1456,2,197.77714285714285,2187.5
2293070457,1464,2,219.01142857142855,2187.5
2293070465,1472,2,240.24571428571429,2187.5
2293070473,1480,2,261.48,2187.5
2293070481,1488,2,282.71428571428567,2187.5
2293070489,1496,2,303.9485714285714,2187.5
2293070497,1504,2,325.1828571428572,2187.5
2293070505,1512,2,346.41714285714284,2187.5
2293070515,1520,2,367.6514285714286,2187.5
2293070521,1528,2,388.88571428571424,2187.5
2293070529,1536,2,410.12,2187.5
2293070538,1544,2,431.3542857142857,2187.5
2293070546,1552,2,452.58857142857147,2187.5
2293070553,1560,2,473.8228571428572,2187.5
2293070562,1568,2,495.0571428571429,2187.5
2293070569,1576,2,516.2914285714286,2187.5
2293070577,1584,2,537.5257142857142,2187.5
2293070585,1592,2,558.76,2187.5
2293070593,1600,2,579.9942857142858,2187.5
2293070601,1608,2,601.2285714285714,2187.5
2293070609,1616,2,622.4628571428572,2187.5
2293070619,1624,2,643.6971428571429,2187.5
2293070626,1632,2,664.9314285714286,2187.5
2293070634,1640,2,686.1657142857143,2187.5
2293070641,1648,2,707.4,2187.5
2293070649,1656,2,728.6342857142857,2187.5
2293070657,1664,2,749.8685714285714,2187.5
2293070665,1672,2,771.1028571428571,2187.5
2293070674,1680,2,792.3371428571428,2187.5
2293070681,1688,2,813.5714285714286,2187.5
2293070689,1696,2,834.8057142857142,2187.5
2293070698,1704,2,856.04,2187.5
2293070705,1712,2,877.2742857142856,2187.5
2293070714,1720,2,898.5085714285715,2187.5
2293070721,1728,2,919.7428571428572,2187.5
2293070729,1736,2,940.9771428571429,2187.5
2293070738,1744,2,962.2114285714287,2187.5
2293070745,1752,2,983.4457142857143,2187.5
2293070753,1760,2,1004.6800000000001,2187.5
2293070762,1768,2,1025.9142857142856,2187.5
2293070769,1776,2,1047.1485714285714,2187.5
2293070777,1784,2,1068.3828571428571,2187.5
2293070785,1792,2,1079.0,2187.5
2293070793,1800,2,1079.0,2187.5
2293070801,1808,2,1079.0,2187.5
2293070809,1816,2,1079.0,2187.5
2293070818,1824,2,1079.0,2187.5
2293070826,1832,2,1079.0,2187.5
2293070833,1840,2,1079.0,2187.5
2293070841,1848,2,1079.0,2187.5
2293070850,1856,2,1079.0,2187.5
2293070857,1864,2,1079.0,2187.5
2293070865,1872,2,1079.0,2187.5
2293070874,1880,2,1079.0,2187.5
2293070881,1888,2,1079.0,2187.5
2293070890,1896,2,1079.0,2187.5
2293070897,1904,2,1079.0,2187.5
2293070906,1912,2,1079.0,2187.5
2293070914,1920,2,1079.0,2187.5
2293070922,1928,2,1079.0,2187.5
2293070930,1936,2,1079.0,2187.5
2293070938,1944,2,1079.0,2187.5
2293070945,1952,2,1079.0,2187.5
2293070953,1960,2,1079.0,2187.5
2293070961,1968,2,1079.0,2187.5
2293070970,1976,2,1079.0,2187.5
2293070978,1984,2,1079.0,2187.5
2293070982,1988,1,1079,2187.5
2293071070,2076,0,929.5,2187.5
2293071078,2084,2,929.5,2187.5
2293071085,2092,2,929.5,2187.5
2293071094,2100,2,929.5,2187.5
2293071102,2108,2,929.5,2187.5
2293071110,2116,2,929.5,2187.5
2293071117,2124,2,929.5,2187.5
2293071125,2132,2,929.5,2187.5
2293071133,2140,2,929.5,2187.5
2293071142,2148,2,929.5,2187.5
2293071150,2156,2,929.5,2187.5
2293071158,2164,2,929.5,2187.5
2293071165,2172,2,929.5,2187.5
2293071173,2180,2,929.5,2187.5
2293071181,2188,2,929.5,2187.5
2293071190,2196,2,929.5,2187.5
2293071197,2204,2,929.5,2187.5
2293071206,2212,2,929.5,2187.5
2293071213,2220,2,929.5,2187.5
2293071221,2228,2,927.2714285714286,2187.5
2293071229,2236,2,918.3571428571429,2187.5
2293071237,2244,2,909.4428571428572,2187.5
2293071245,2252,2,900.5285714285715,2187.5
2293071254,2260,2,891.6142857142858,2187.5
2293071261,2268,2,882.7,2187.5
2293071269,2276,2,873.7857142857143,2187.5
2293071278,2284,2,864.8714285714286,2187.5
2293071285,2292,2,855.9571428571428,2187.5
2293071293,2300,2,847.0428571428572,2187.5
2293071302,2308,2,838.1285714285714,2187.5
2293071309,2316,2,829.2142857142858,2187.5
2293071318,2324,2,820.3,2187.5
2293071325,2332,2,811.3857142857142,2187.5
2293071333,2340,2,802.4714285714285,2187.5
2293071342,2348,2,793.5571428571428,2187.5
2293071349,2356,2,784.6428571428571,2187.5
2293071357,2364,2,775.7285714285714,2187.5
2293071365,2372,2,766.8142857142857,2187.5
2293071373,2380,2,757.9,2187.5
2293071382,2388,2,748.9857142857143,2187.5
2293071389,2396,2,740.0714285714286,2187.5
2293071398,2404,2,731.1571428571428,2187.5
2293071405,2412,2,722.2428571428571,2187.5
2293071413,2420,2,713.3285714285714,2187.5
2293071421,2428,2,704.4142857142857,2187.5
2293071429,2436,2,695.5,2187.5
2293071437,2444,2,686.5857142857143,2187.5
2293071445,2452,2,677.6714285714286,2187.5
2293071454,2460,2,668.7571428571429,2187.5
2293071461,2468,2,659.8428571428572,2187.5
2293071469,2476,2,650.9285714285714,2187.5
2293071477,2484,2,642.0142857142857,2187.5
2293071486,2492,2,633.1,2187.5
2293071493,2500,2,624.1857142857143,2187.5
2293071501,2508,2,615.2714285714285,2187.5
2293071510,2516,2,606.3571428571429,2187.5
2293071517,2524,2,597.4428571428571,2187.5
2293071526,2532,2,588.5285714285715,2187.5
2293071534,2540,2,579.6142857142856,2187.5
2293071541,2548,2,570.7,2187.5
2293071549,2556,2,561.7857142857142,2187.5
2293071557,2564,2,552.8714285714286,2187.5
2293071565,2572,2,543.9571428571428,2187.5
2293071573,2580,2,539.5,2187.5
2293071581,2588,2,539.5,2187.5
2293071589,2596,2,539.5,2187.5
2293071597,2604,2,539.5,2187.5
2293071605,2612,2,539.5,2187.5
2293071613,2620,2,539.5,2187.5
2293071621,2628,2,539.5,2187.5
2293071629,2636,2,539.5,2187.5
2293071638,2644,2,539.5,2187.5
2293071645,2652,2,539.5,2187.5
2293071653,2660,2,539.5,2187.5
2293071661,2668,2,539.5,2187.5
2293071670,2676,2,539.5,2187.5
2293071677,2684,2,539.5,2187.5
2293071685,2692,2,539.5,2187.5
2293071693,2700,2,539.5,2187.5
2293071702,2708,2,539.5,2187.5
2293071709,2716,2,539.5,2187.5
2293071718,2724,2,539.5,2187.5
2293071727,2732,2,539.5,2187.5
2293071733,2740,2,539.5,2187.5
2293071741,2748,2,539.5,2187.5
2293071749,2756,2,539.5,2187.5
2293071757,2764,2,539.5,2187.5
2293071765,2772,2,539.5,2187.5
2293071770,2776,1,539.5,2187.5
