0,0,539.5,2187.5
8,2,539.5,2187.5
16,2,539.5,2187.5
24,2,539.5,2187.5
32,2,539.5,2187.5
40,2,539.5,2187.5
48,2,539.5,2187.5
56,2,539.5,2187.5
64,2,539.5,2187.5
72,2,539.5,2187.5
80,2,539.5,2187.5
88,2,539.5,2187.5
96,2,539.5,2187.5
104,2,539.5,2187.5
112,2,539.5,2187.5
120,2,539.5,2187.5
128,2,539.5,2187.5
136,2,539.5,2187.5
144,2,539.5,2187.5
152,2,539.5,2187.5
160,2,539.5,2187.5
168,2,539.5,2187.5
176,2,539.5,2187.5
184,2,539.5,2187.5
192,2,539.5,2187.5
200,2,539.5,2187.5
208,2,539.5,2187.5
216,2,539.5,2187.5
224,2,539.5,2187.5
232,2,539.5,2187.5
240,2,539.5,2187.5
248,2,539.5,2187.5
256,2,539.5,2187.5
264,2,539.5,2187.5
272,2,539.5,2187.5
280,2,539.5,2187.5
288,2,539.5,2187.5
296,2,539.5,2187.5
304,2,539.5,2187.5
312,2,539.5,2187.5
320,2,539.5,2187.5
328,2,539.5,2187.5
336,2,539.5,2187.5
344,2,539.5,2187.5
352,2,539.5,2187.5
360,2,539.5,2187.5
368,2,539.5,2187.5
376,2,539.5,2187.5
384,2,539.5,2187.5
392,2,539.5,2187.5
400,2,539.5,2187.5
408,2,529.9266666666666,2187.5
416,2,520.3533333333334,2187.5
424,2,510.78,2187.5
432,2,501.20666666666665,2187.5
440,2,491.6333333333333,2187.5
448,2,482.06,2187.5
456,2,472.4866666666667,2187.5
464,2,462.9133333333333,2187.5
472,2,453.34000000000003,2187.5
480,2,443.76666666666665,2187.5
488,2,434.1933333333333,2187.5
496,2,424.62,2187.5
504,2,415.0466666666667,2187.5
512,2,405.47333333333336,2187.5
520,2,395.9,2187.5
528,2,386.32666666666665,2187.5
536,2,376.75333333333333,2187.5
544,2,367.18,2187.5
552,2,357.6066666666667,2187.5
560,2,348.0333333333333,2187.5
568,2,338.46,2187.5
576,2,328.88666666666666,2187.5
584,2,319.31333333333333,2187.5
592,2,309.74,2187.5
600,2,300.1666666666667,2187.5
608,2,290.59333333333336,2187.5
616,2,281.02,2187.5
624,2,271.44666666666666,2187.5
632,2,261.87333333333333,2187.5
640,2,252.3,2187.5
648,2,242.7266666666667,2187.5
656,2,233.1533333333333,2187.5
664,2,223.57999999999998,2187.5
672,2,214.00666666666666,2187.5
680,2,204.43333333333334,2187.5
688,2,194.86,2187.5
696,2,185.28666666666663,2187.5
704,2,175.7133333333333,2187.5
712,2,166.14,2187.5
720,2,156.56666666666666,2187.5
728,2,146.99333333333334,2187.5
736,2,137.41999999999996,2187.5
744,2,127.84666666666664,2187.5
752,2,118.27333333333331,2187.5
760,2,108.69999999999999,2187.5
768,2,99.12666666666667,2187.5
776,2,89.55333333333328,2187.5
784,2,79.97999999999996,2187.5
792,2,70.4066666666667,2187.5
800,2,60.83333333333337,2187.5
808,2,51.26000000000005,2187.5
816,2,41.68666666666667,2187.5
824,2,32.113333333333344,2187.5
832,2,22.539999999999964,2187.5
840,2,12.966666666666697,2187.5
848,2,3.3933333333333167,2187.5
850,2,1,2187.5
858,2,1.0,2187.5
866,2,1.0,2187.5
874,2,1.0,2187.5
882,2,1.0,2187.5
890,2,1.0,2187.5
898,2,1.0,2187.5
906,2,1.0,2187.5
914,2,1.0,2187.5
922,2,1.0,2187.5
930,2,1.0,2187.5
938,2,1.0,2187.5
946,2,1.0,2187.5
954,2,1.0,2187.5
962,2,1.0,2187.5
970,2,1.0,2187.5
978,2,1.0,2187.5
986,2,1.0,2187.5
994,2,1.0,2187.5
1002,2,1.0,2187.5
1010,2,1.0,2187.5
1018,2,1.0,2187.5
1026,2,1.0,2187.5
1034,2,1.0,2187.5
1042,2,1.0,2187.5
1050,2,1.0,2187.5
1058,2,1.0,2187.5
1066,2,1.0,2187.5
1074,2,1.0,2187.5
1082,2,1.0,2187.5
1090,2,1.0,2187.5
1098,2,1.0,2187.5
1106,2,1.0,2187.5
1114,2,1.0,2187.5
1122,2,1.0,2187.5
1130,2,1.0,2187.5
1138,2,1.0,2187.5
1146,2,1.0,2187.5
1154,2,1.0,2187.5
1162,2,1.0,2187.5
1170,2,1.0,2187.5
1178,2,1.0,2187.5
1186,2,1.0,2187.5
1194,2,1.0,2187.5
1200,2,1,2187.5
1208,1,1,2187.5
1288,0,150.0,2187.5
1296,2,150.0,2187.5
1304,2,150.0,2187.5
1312,2,150.0,2187.5
1320,2,150.0,2187.5
1328,2,150.0,2187.5
1336,2,150.0,2187.5
1344,2,150.0,2187.5
1352,2,150.0,2187.5
1360,2,150.0,2187.5
1368,2,150.0,2187.5
1376,2,150.0,2187.5
1384,2,150.0,2187.5
1392,2,150.0,2187.5
1400,2,150.0,2187.5
1408,2,150.0,2187.5
1416,2,150.0,2187.5
1424,2,150.0,2187.5
1432,2,150.0,2187.5
1440,2,155.30857142857144,2187.5
1448,2,176.54285714285714,2187.5
1456,2,197.77714285714285,2187.5
1464,2,219.01142857142855,2187.5
1472,2,240.24571428571429,2187.5
1480,2,261.48,2187.5
1488,2,282.71428571428567,2187.5
1496,2,303.9485714285714,2187.5
1504,2,325.1828571428572,2187.5
1512,2,346.41714285714284,2187.5
1520,2,367.6514285714286,2187.5
1528,2,388.88571428571424,2187.5
1536,2,410.12,2187.5
1544,2,431.3542857142857,2187.5
1552,2,452.58857142857147,2187.5
1560,2,473.8228571428572,2187.5
1568,2,495.0571428571429,2187.5
1576,2,516.2914285714286,2187.5
1584,2,537.5257142857142,2187.5
1592,2,558.76,2187.5
1600,2,579.9942857142858,2187.5
1608,2,601.2285714285714,2187.5
1616,2,622.4628571428572,2187.5
1624,2,643.6971428571429,2187.5
1632,2,664.9314285714286,2187.5
1640,2,686.1657142857143,2187.5
1648,2,707.4,2187.5
1656,2,728.6342857142857,2187.5
1664,2,749.8685714285714,2187.5
1672,2,771.1028571428571,2187.5
1680,2,792.3371428571428,2187.5
1688,2,813.5714285714286,2187.5
1696,2,834.8057142857142,2187.5
1704,2,856.04,2187.5
1712,2,877.2742857142856,2187.5
1720,2,898.5085714285715,2187.5
1728,2,919.7428571428572,2187.5
1736,2,940.9771428571429,2187.5
1744,2,962.2114285714287,2187.5
1752,2,983.4457142857143,2187.5
1760,2,1004.6800000000001,2187.5
1768,2,1025.9142857142856,2187.5
1776,2,1047.1485714285714,2187.5
1784,2,1068.3828571428571,2187.5
1792,2,1079.0,2187.5
1800,2,1079.0,2187.5
1808,2,1079.0,2187.5
1816,2,1079.0,2187.5
1824,2,1079.0,2187.5
1832,2,1079.0,2187.5
1840,2,1079.0,2187.5
1848,2,1079.0,2187.5
1856,2,1079.0,2187.5
1864,2,1079.0,2187.5
1872,2,1079.0,2187.5
1880,2,1079.0,2187.5
1888,2,1079.0,2187.5
1896,2,1079.0,2187.5
1904,2,1079.0,2187.5
1912,2,1079.0,2187.5
1920,2,1079.0,2187.5
1928,2,1079.0,2187.5
1936,2,1079.0,2187.5
1944,2,1079.0,2187.5
1952,2,1079.0,2187.5
1960,2,1079.0,2187.5
1968,2,1079.0,2187.5
1976,2,1079.0,2187.5
1984,2,1079.0,2187.5
1988,1,1079,2187.5
2076,0,929.5,2187.5
2084,2,929.5,2187.5
2092,2,929.5,2187.5
2100,2,929.5,2187.5
2108,2,929.5,2187.5
2116,2,929.5,2187.5
2124,2,929.5,2187.5
2132,2,929.5,2187.5
2140,2,929.5,2187.5
2148,2,929.5,2187.5
2156,2,929.5,2187.5
2164,2,929.5,2187.5
2172,2,929.5,2187.5
2180,2,929.5,2187.5
2188,2,929.5,2187.5
2196,2,929.5,2187.5
2204,2,929.5,2187.5
2212,2,929.5,2187.5
2220,2,929.5,2187.5
2228,2,927.2714285714286,2187.5
2236,2,918.3571428571429,2187.5
2244,2,909.4428571428572,2187.5
2252,2,900.5285714285715,2187.5
2260,2,891.6142857142858,2187.5
2268,2,882.7,2187.5
2276,2,873.7857142857143,2187.5
2284,2,864.8714285714286,2187.5
2292,2,855.9571428571428,2187.5
2300,2,847.0428571428572,2187.5
2308,2,838.1285714285714,2187.5
2316,2,829.2142857142858,2187.5
2324,2,820.3,2187.5
2332,2,811.3857142857142,2187.5
2340,2,802.4714285714285,2187.5
2348,2,793.5571428571428,2187.5
2356,2,784.6428571428571,2187.5
2364,2,775.7285714285714,2187.5
2372,2,766.8142857142857,2187.5
2380,2,757.9,2187.5
2388,2,748.9857142857143,2187.5
2396,2,740.0714285714286,2187.5
2404,2,731.1571428571428,2187.5
2412,2,722.2428571428571,2187.5
2420,2,713.3285714285714,2187.5
2428,2,704.4142857142857,2187.5
2436,2,695.5,2187.5
2444,2,686.5857142857143,2187.5
2452,2,677.6714285714286,2187.5
2460,2,668.7571428571429,2187.5
2468,2,659.8428571428572,2187.5
2476,2,650.9285714285714,2187.5
2484,2,642.0142857142857,2187.5
2492,2,633.1,2187.5
2500,2,624.1857142857143,2187.5
2508,2,615.2714285714285,2187.5
2516,2,606.3571428571429,2187.5
2524,2,597.4428571428571,2187.5
2532,2,588.5285714285715,2187.5
2540,2,579.6142857142856,2187.5
2548,2,570.7,2187.5
2556,2,561.7857142857142,2187.5
2564,2,552.8714285714286,2187.5
2572,2,543.9571428571428,2187.5
2580,2,539.5,2187.5
2588,2,539.5,2187.5
2596,2,539.5,2187.5
2604,2,539.5,2187.5
2612,2,539.5,2187.5
2620,2,539.5,2187.5
2628,2,539.5,2187.5
2636,2,539.5,2187.5
2644,2,539.5,2187.5
2652,2,539.5,2187.5
2660,2,539.5,2187.5
2668,2,539.5,2187.5
2676,2,539.5,2187.5
2684,2,539.5,2187.5
2692,2,539.5,2187.5
2700,2,539.5,2187.5
2708,2,539.5,2187.5
2716,2,539.5,2187.5
2724,2,539.5,2187.5
2732,2,539.5,2187.5
2740,2,539.5,2187.5
2748,2,539.5,2187.5
2756,2,539.5,2187.5
2764,2,539.5,2187.5
2772,2,539.5,2187.5
2776,1,539.5,2187.5
